CellName,leiden
AAACCCATCTGTCTCG-1-WT,kept
AAACGAAAGCAGGCTA-1-WT,kept
AAACGAAAGGCCGCTT-1-WT,kept
AAACGAAAGGGTTAGC-1-WT,kept
AAACGAAGTTAAGAAC-1-WT,kept
AAACGAATCTATCGCC-1-WT,kept
AAACGCTGTGCCTATA-1-WT,kept
AAAGAACAGCTATCCA-1-WT,kept
AAAGGATCAAATTAGG-1-WT,kept
AAAGGATCAGCAGAAC-1-WT,kept
AAAGGATCAGCGATTT-1-WT,kept
AAAGGATTCCCTTGGT-1-WT,kept
AAAGGTAAGTTCATCG-1-WT,kept
AAAGTCCTCCCGTAAA-1-WT,kept
AAAGTCCTCTGGGTCG-1-WT,kept
AAAGTGAAGGTTCAGG-1-WT,kept
AAAGTGACATTGTACG-1-WT,kept
AAAGTGAGTCTCGACG-1-WT,kept
AAATGGACATCTAGAC-1-WT,kept
AAATGGAGTGGTCTGC-1-WT,kept
AACAAAGCACCCAACG-1-WT,kept
AACAAAGCACGACTAT-1-WT,kept
AACAAAGTCACTTGTT-1-WT,kept
AACAAAGTCGCTGCGA-1-WT,kept
AACAAAGTCGTGGCGT-1-WT,kept
AACAACCAGCTTCTAG-1-WT,kept
AACAACCTCCGTGACG-1-WT,kept
AACAAGAGTAAGTCAA-1-WT,kept
AACACACTCCGGTAGC-1-WT,kept
AACAGGGGTAACGGTG-1-WT,kept
AACAGGGTCCTTCTAA-1-WT,kept
AACCAACAGAGGATGA-1-WT,kept
AACCAACCACAGCTTA-1-WT,kept
AACCAACCAGCGTGAA-1-WT,kept
AACCAACTCATTGTGG-1-WT,kept
AACCACATCCATCTAT-1-WT,kept
AACCACATCCGCTAGG-1-WT,kept
AACCCAAAGGCATGGT-1-WT,kept
AACCCAATCACTGGGC-1-WT,kept
AACCTTTAGTTGTAAG-1-WT,kept
AACGAAAGTACAGTCT-1-WT,kept
AACGGGACACGTTCGG-1-WT,kept
AACGGGACATCAACCA-1-WT,kept
AACGTCAAGAGGTGCT-1-WT,kept
AACGTCAGTAGCACGA-1-WT,kept
AACTTCTTCAAAGCCT-1-WT,kept
AAGAACAAGAAGAGCA-1-WT,kept
AAGACAAGTTAACCTG-1-WT,kept
AAGACAATCCTGTAAG-1-WT,kept
AAGACAATCTTTCCAA-1-WT,kept
AAGACTCAGTTCACTG-1-WT,kept
AAGACTCGTAGGATAT-1-WT,kept
AAGACTCTCTCGAGTA-1-WT,kept
AAGATAGCACACACTA-1-WT,kept
AAGATAGTCGCTTACC-1-WT,kept
AAGATAGTCGTGGGAA-1-WT,kept
AAGCATCGTAGAGCTG-1-WT,kept
AAGCCATCAAATGGTA-1-WT,kept
AAGCCATCACCGTGAC-1-WT,kept
AAGCGAGAGGTCACCC-1-WT,kept
AAGCGAGAGTATTAGG-1-WT,kept
AAGCGAGCAAGTGCAG-1-WT,kept
AAGCGAGGTTGCTTGA-1-WT,kept
AAGCGTTGTACGGTTT-1-WT,kept
AAGCGTTTCCGCAAAT-1-WT,kept
AAGGAATAGACTCAAA-1-WT,kept
AAGGAATCAGAGGCAT-1-WT,kept
AAGGAATCATTAAGCC-1-WT,kept
AAGGAATGTACGATCT-1-WT,kept
AAGGAATGTGTACATC-1-WT,kept
AAGTACCCAACCAGAG-1-WT,kept
AAGTACCGTCCTGAAT-1-WT,kept
AAGTACCTCTTCTCAA-1-WT,kept
AAGTCGTTCAAAGGTA-1-WT,kept
AAGTCGTTCCTAGCCT-1-WT,kept
AAGTCGTTCGGTGAAG-1-WT,kept
AAGTGAATCTTGGTGA-1-WT,kept
AAGTTCGCATTACGGT-1-WT,kept
AAGTTCGTCCATTGCC-1-WT,kept
AAGTTCGTCCGCACTT-1-WT,kept
AATAGAGAGCGCCTCA-1-WT,kept
AATAGAGGTGCGGCTT-1-WT,kept
AATAGAGGTTCCACGG-1-WT,kept
AATCACGCAAATCAAG-1-WT,kept
AATCGTGAGGATCATA-1-WT,kept
AATCGTGCAAATTGGA-1-WT,kept
AATCGTGCACATTCTT-1-WT,kept
AATCGTGCATGACGTT-1-WT,kept
AATCGTGGTTTAAGGA-1-WT,kept
AATGAAGCAATAACGA-1-WT,kept
AATGAAGGTTGAAGTA-1-WT,kept
AATGAAGTCGCTTAAG-1-WT,kept
AATGACCCACACGCCA-1-WT,kept
AATGACCGTCCTGGGT-1-WT,kept
AATGCCAGTGGATCGA-1-WT,kept
AATGCCATCCTACGGG-1-WT,kept
AATGGAAGTCGATTCA-1-WT,kept
AATGGCTTCATACGAC-1-WT,kept
AATTCCTAGAGCATAT-1-WT,kept
AATTCCTAGCTAAATG-1-WT,kept
AATTCCTGTAGGAGTC-1-WT,kept
AATTTCCAGACTCATC-1-WT,kept
AATTTCCAGACTCCGC-1-WT,kept
AATTTCCAGCCGGATA-1-WT,kept
AATTTCCGTCCTGGTG-1-WT,kept
ACAAAGAGTCACAATC-1-WT,kept
ACAAAGAGTCCTGGGT-1-WT,kept
ACAACCAAGAGTGACC-1-WT,kept
ACAAGCTTCTTACCGC-1-WT,kept
ACACAGTTCAAACCTG-1-WT,kept
ACACCAACACTTGTGA-1-WT,kept
ACACCAAGTACGCGTC-1-WT,kept
ACACCAATCAGGTAAA-1-WT,kept
ACACTGAAGCTGCGAA-1-WT,kept
ACACTGATCGGCGATC-1-WT,kept
ACAGAAATCGTGTCAA-1-WT,kept
ACAGAAATCTCCACTG-1-WT,kept
ACAGCCGCAGTCGAGA-1-WT,kept
ACAGCCGGTAGTCTGT-1-WT,kept
ACAGCCGGTTAGCTAC-1-WT,kept
ACAGGGAAGCTCACTA-1-WT,kept
ACAGGGAGTTAGCGGA-1-WT,kept
ACATCCCCAGAGGCAT-1-WT,kept
ACATCCCTCTCGCTTG-1-WT,kept
ACATGCACACGTAGAG-1-WT,kept
ACATGCACATTAGGCT-1-WT,kept
ACATTTCGTATGAGAT-1-WT,kept
ACCAAACGTACACTCA-1-WT,kept
ACCAAACGTGCAGTGA-1-WT,kept
ACCAACATCGGTGCAC-1-WT,kept
ACCACAACACGCCACA-1-WT,kept
ACCATTTAGTCGAATA-1-WT,kept
ACCATTTGTCATAAAG-1-WT,kept
ACCATTTGTGGCTTAT-1-WT,kept
ACCCAAAAGCATCAAA-1-WT,kept
ACCCAAAAGTCACTCA-1-WT,kept
ACCCAAACACAATGTC-1-WT,kept
ACCCAAACACGGCTAC-1-WT,kept
ACCCAAACATTCCTAT-1-WT,kept
ACCCTCACAGGTGGAT-1-WT,kept
ACCCTCAGTTTGCAGT-1-WT,kept
ACCCTCATCCGGCAGT-1-WT,kept
ACCCTCATCCTACTGC-1-WT,kept
ACCCTCATCTGAGAAA-1-WT,kept
ACCCTTGAGCGAAACC-1-WT,kept
ACCCTTGAGTTCCATG-1-WT,kept
ACCGTTCAGCATCCTA-1-WT,kept
ACCGTTCAGCCGGATA-1-WT,kept
ACCGTTCCATCCAATG-1-WT,kept
ACCGTTCCATCCTATT-1-WT,kept
ACCGTTCTCTGTCTCG-1-WT,kept
ACCTACCCAAGCGAGT-1-WT,kept
ACCTACCTCACAAGGG-1-WT,kept
ACCTGAAGTTAGAAGT-1-WT,kept
ACCTGTCAGTGTAGAT-1-WT,kept
ACCTGTCCACCCTAGG-1-WT,kept
ACCTGTCGTAAGACCG-1-WT,kept
ACCTGTCGTTCTCCAC-1-WT,kept
ACCTGTCTCGACCCAG-1-WT,kept
ACGATCACAACTGTGT-1-WT,kept
ACGATCACAATTGAGA-1-WT,kept
ACGATCAGTAACGTTC-1-WT,kept
ACGATCAGTCTTGCGG-1-WT,kept
ACGATGTAGGCAGCTA-1-WT,kept
ACGATGTAGGGTAATT-1-WT,kept
ACGATGTTCGAGTACT-1-WT,kept
ACGCACGAGGTCCCGT-1-WT,kept
ACGCACGCAGTGGGTA-1-WT,kept
ACGCACGTCGGCCAAC-1-WT,kept
ACGGAAGCACCCTATC-1-WT,kept
ACGGGTCAGGAGCTGT-1-WT,kept
ACGGGTCCAGCTGCCA-1-WT,kept
ACGGGTCCATAACCCA-1-WT,kept
ACGGGTCGTAGAGTTA-1-WT,kept
ACGGGTCGTGTGACCC-1-WT,kept
ACGGGTCGTTACCGTA-1-WT,kept
ACGGGTCTCACATACG-1-WT,kept
ACGGTCGGTCGACGCT-1-WT,kept
ACGGTTATCACCTACC-1-WT,kept
ACGGTTATCTGCGGCA-1-WT,kept
ACGTAACAGCAGCCTC-1-WT,kept
ACGTAACTCGTTCTCG-1-WT,kept
ACGTACAAGGCTTAGG-1-WT,kept
ACGTACACAGCCGTTG-1-WT,kept
ACGTACAGTGGCAACA-1-WT,kept
ACGTAGTCATGTGCCG-1-WT,kept
ACGTAGTGTGGCGTAA-1-WT,kept
ACGTCCTAGCCGTAAG-1-WT,kept
ACGTCCTAGCGGTAAC-1-WT,kept
ACGTCCTTCATCCTAT-1-WT,kept
ACGTCCTTCGTCCATC-1-WT,kept
ACTACGAAGGAGGGTG-1-WT,kept
ACTACGACATATTCGG-1-WT,kept
ACTACGAGTAAGCTCT-1-WT,kept
ACTATCTAGGTAGATT-1-WT,kept
ACTATCTAGTCATGGG-1-WT,kept
ACTATCTGTAGGGTAC-1-WT,kept
ACTATCTTCCAAGGGA-1-WT,kept
ACTATGGCAAACACGG-1-WT,kept
ACTATGGCACTAGTAC-1-WT,kept
ACTATGGGTGGATTTC-1-WT,kept
ACTATGGGTGTTTACG-1-WT,kept
ACTATGGTCAATGTCG-1-WT,kept
ACTATGGTCCGCTAGG-1-WT,kept
ACTATTCAGGCTAACG-1-WT,kept
ACTATTCCAGCTACAT-1-WT,kept
ACTATTCCATGACGGA-1-WT,kept
ACTATTCCATGACTCA-1-WT,kept
ACTCCCACAAGCACAG-1-WT,kept
ACTCCCACACGCGCAT-1-WT,kept
ACTCCCAGTAAGAACT-1-WT,kept
ACTCCCAGTAGCGATG-1-WT,kept
ACTCCCAGTTCCGCAG-1-WT,kept
ACTCTCGAGCATTTCG-1-WT,kept
ACTCTCGCACTCCGGA-1-WT,kept
ACTCTCGTCGTTCTAT-1-WT,kept
ACTGATGCACACCGCA-1-WT,kept
ACTGATGTCTCGCGTT-1-WT,kept
ACTGATGTCTTGGATG-1-WT,kept
ACTGCAAAGCTAGTTC-1-WT,kept
ACTGTCCAGGTCACCC-1-WT,kept
ACTGTCCTCTTCGATT-1-WT,kept
ACTGTGAAGCATGGGT-1-WT,kept
ACTGTGAAGCTGGCTC-1-WT,kept
ACTGTGAAGGTCACCC-1-WT,kept
ACTGTGACACTAGTAC-1-WT,kept
ACTTAGGAGTCGCCCA-1-WT,kept
ACTTAGGTCGGCATCG-1-WT,kept
ACTTATCGTTGCTCGG-1-WT,kept
ACTTCGCAGCCTTGAT-1-WT,kept
ACTTCGCCACAATGCT-1-WT,kept
ACTTCGCTCCGAGAAG-1-WT,kept
ACTTTCACACCACTGG-1-WT,kept
ACTTTCATCCTGGTCT-1-WT,kept
ACTTTGTGTCACTTAG-1-WT,kept
ACTTTGTGTGTAGGAC-1-WT,kept
AGAAATGAGATACCAA-1-WT,kept
AGAAATGAGGAGTATT-1-WT,kept
AGAAATGCACCCTAAA-1-WT,kept
AGAACCTAGTCAGGGT-1-WT,kept
AGAACCTAGTCATTGC-1-WT,kept
AGAACCTCAGGGTCTC-1-WT,kept
AGAAGCGAGAGCAGAA-1-WT,kept
AGAAGCGAGCGGATCA-1-WT,kept
AGAAGCGGTTTCGTTT-1-WT,kept
AGAAGCGTCGTTGTGA-1-WT,kept
AGAAGTACACCCTTGT-1-WT,kept
AGAAGTAGTGGACTAG-1-WT,kept
AGACAAATCACACCGG-1-WT,kept
AGACACTCATTCACCC-1-WT,kept
AGACACTTCACCCTGT-1-WT,kept
AGACCATGTCGAGTTT-1-WT,kept
AGACCATTCCGCCTAT-1-WT,kept
AGACTCAGTATCGTAC-1-WT,kept
AGACTCAGTGCATCTA-1-WT,kept
AGACTCATCGAGTCCG-1-WT,kept
AGAGAATAGCTGGTGA-1-WT,kept
AGAGAATTCATCCCGT-1-WT,kept
AGAGAGCAGTATTAGG-1-WT,kept
AGAGAGCCAAGGCAAC-1-WT,kept
AGAGAGCTCGCTTAAG-1-WT,kept
AGAGCAGCACTAAACC-1-WT,kept
AGAGCAGTCGGAAGGT-1-WT,kept
AGAGCCCAGCTGCGAA-1-WT,kept
AGAGCCCGTCAACATC-1-WT,kept
AGATAGATCATGCTAG-1-WT,kept
AGATAGATCGTTACCC-1-WT,kept
AGATCGTAGAAGGGAT-1-WT,kept
AGATCGTCAAGTGCAG-1-WT,kept
AGATCGTGTTCTCGCT-1-WT,kept
AGATGAAAGCCATTTG-1-WT,kept
AGCATCATCGCGTGCA-1-WT,kept
AGCCAATAGACGATAT-1-WT,kept
AGCCAATAGCTCGAAG-1-WT,kept
AGCCAATCAGGTCCCA-1-WT,kept
AGCCACGCAGAAATTG-1-WT,kept
AGCCACGGTGCGCTCA-1-WT,kept
AGCCAGCCAATTCACG-1-WT,kept
AGCCAGCTCACGACTA-1-WT,kept
AGCGATTAGTCTTGGT-1-WT,kept
AGCGATTGTGAAGCTG-1-WT,kept
AGCGATTTCCGGCAGT-1-WT,kept
AGCGCCAAGGCTGAAC-1-WT,kept
AGCGCCAAGTAACCGG-1-WT,kept
AGCGCCACACTGCGAC-1-WT,kept
AGCGCCACATGTGGCC-1-WT,kept
AGCGCCAGTGATGGCA-1-WT,kept
AGCGCTGAGCACTAAA-1-WT,kept
AGCGCTGAGGCTCCCA-1-WT,kept
AGCGCTGCACAATGAA-1-WT,kept
AGCGCTGCACGGGCTT-1-WT,kept
AGCGTATAGAAGTATC-1-WT,kept
AGCGTATCAGAGAAAG-1-WT,kept
AGCTACACACCGGAAA-1-WT,kept
AGCTACATCCATAGGT-1-WT,kept
AGCTACATCTACGCAA-1-WT,kept
AGCTACATCTCTGAGA-1-WT,kept
AGCTCAAAGAGTCCGA-1-WT,kept
AGCTCAAGTAATGTGA-1-WT,kept
AGCTCAATCGCCGAGT-1-WT,kept
AGCTTCCCACCGGAAA-1-WT,kept
AGCTTCCTCGTAGAGG-1-WT,kept
AGGAAATAGGGTAATT-1-WT,kept
AGGAAATTCACGACTA-1-WT,kept
AGGAATAAGAATCGCG-1-WT,kept
AGGAATAAGTGGCGAT-1-WT,kept
AGGAATACAAGTGTCT-1-WT,kept
AGGAATACATCCGATA-1-WT,kept
AGGAATAGTATCGTAC-1-WT,kept
AGGACGAGTAGATCGG-1-WT,kept
AGGACGAGTCCGTTTC-1-WT,kept
AGGACGATCCGATTAG-1-WT,kept
AGGACTTCATGCAGCC-1-WT,kept
AGGACTTCATTCTTCA-1-WT,kept
AGGAGGTAGATCCCGC-1-WT,kept
AGGAGGTCATCTATCT-1-WT,kept
AGGATAAAGAGAGCGG-1-WT,kept
AGGATAAAGCCGGAAT-1-WT,kept
AGGATAAAGTAACGAT-1-WT,kept
AGGATCTAGACCATAA-1-WT,kept
AGGATCTGTCCTGGTG-1-WT,kept
AGGATCTGTCGTTTCC-1-WT,kept
AGGATCTGTGAAAGTT-1-WT,kept
AGGCATTAGGAACGCT-1-WT,kept
AGGCCACCACGGCACT-1-WT,kept
AGGCTGCGTGAGCCAA-1-WT,kept
AGGCTGCTCCAGGACC-1-WT,kept
AGGGAGTAGGAACGTC-1-WT,kept
AGGGAGTCAAAGGCTG-1-WT,kept
AGGGAGTCACAAATCC-1-WT,kept
AGGGCCTGTGCGGCTT-1-WT,kept
AGGGCCTTCAGCGCAC-1-WT,kept
AGGGCTCAGATGGTAT-1-WT,kept
AGGGCTCCAATGTGGG-1-WT,kept
AGGGCTCTCCGTGTAA-1-WT,kept
AGGGCTCTCCTAAACG-1-WT,kept
AGGGTCCCATCGCTCT-1-WT,kept
AGGGTGAAGCGGTATG-1-WT,kept
AGGGTTTCACCACTGG-1-WT,kept
AGGGTTTTCCCAGGAC-1-WT,kept
AGGTAGGGTCGCGGTT-1-WT,kept
AGGTAGGGTTGACGGA-1-WT,kept
AGGTAGGTCGTAGGAG-1-WT,kept
AGGTAGGTCTTGTTAC-1-WT,kept
AGGTCATCATTGCTGA-1-WT,kept
AGGTCATGTAATACCC-1-WT,kept
AGGTCATTCGTAGCCG-1-WT,kept
AGGTCTAAGTATCCTG-1-WT,kept
AGGTCTAGTTGGGACA-1-WT,kept
AGGTCTATCTGCGTCT-1-WT,kept
AGGTGTTCATCCTGTC-1-WT,kept
AGGTGTTTCATCTCTA-1-WT,kept
AGGTTACAGCACTTTG-1-WT,kept
AGGTTACCAGTTACCA-1-WT,kept
AGGTTACGTACGCTTA-1-WT,kept
AGGTTACGTAGTTAGA-1-WT,kept
AGGTTGTAGTGCAGCA-1-WT,kept
AGGTTGTCATCGATAC-1-WT,kept
AGGTTGTCATGACCCG-1-WT,kept
AGGTTGTGTCGGCTAC-1-WT,kept
AGTAACCCAACAAGTA-1-WT,kept
AGTACCAAGAGTCTGG-1-WT,kept
AGTACCATCAGGAAGC-1-WT,kept
AGTACTGAGGAGCAAA-1-WT,kept
AGTACTGCATTAGGCT-1-WT,kept
AGTAGTCCACAGCTGC-1-WT,kept
AGTAGTCCACCGGTCA-1-WT,kept
AGTAGTCGTCATCCCT-1-WT,kept
AGTAGTCTCCGATAGT-1-WT,kept
AGTAGTCTCCTCAGAA-1-WT,kept
AGTAGTCTCGGATAAA-1-WT,kept
AGTCAACAGAAGCTCG-1-WT,kept
AGTCAACGTTTACGAC-1-WT,kept
AGTCAACTCCTTCAGC-1-WT,kept
AGTCACACACCTCGTT-1-WT,kept
AGTCACACAGAACATA-1-WT,kept
AGTCACAGTGGATTTC-1-WT,kept
AGTCACAGTGGTAATA-1-WT,kept
AGTCACATCAGTCATG-1-WT,kept
AGTCACATCTGGAAGG-1-WT,kept
AGTCATGAGTACTGGG-1-WT,kept
AGTCATGCAACTCGTA-1-WT,kept
AGTCATGCAGAACGCA-1-WT,kept
AGTCATGCATGAATAG-1-WT,kept
AGTCATGGTGTACGCC-1-WT,kept
AGTCATGTCGGCTGGT-1-WT,kept
AGTCATGTCTCCTGCA-1-WT,kept
AGTGACTCATGAGATA-1-WT,kept
AGTGATCCAGGGAATC-1-WT,kept
AGTGCCGTCTTGAGCA-1-WT,kept
AGTGTTGCAACCCTCT-1-WT,kept
AGTGTTGTCTTTGGAG-1-WT,kept
AGTTAGCGTTACGATC-1-WT,kept
AGTTAGCTCGGTTCAA-1-WT,kept
AGTTCCCAGCACTGGA-1-WT,kept
AGTTCCCGTACATTGC-1-WT,kept
AGTTCCCTCTTGTGCC-1-WT,kept
AGTTCGACAGACATCT-1-WT,kept
AGTTCGAGTCGCGTCA-1-WT,kept
ATACCGACAATTAGGA-1-WT,kept
ATACCGAGTTCAAGTC-1-WT,kept
ATACCTTAGCGTATAA-1-WT,kept
ATACCTTGTTATGTGC-1-WT,kept
ATACCTTGTTGCAAGG-1-WT,kept
ATACCTTTCCTGGGTG-1-WT,kept
ATACTTCGTCTTTCAT-1-WT,kept
ATACTTCGTTTACCTT-1-WT,kept
ATACTTCTCGATACAC-1-WT,kept
ATAGACCAGAAGGGAT-1-WT,kept
ATAGACCAGTGAGCCA-1-WT,kept
ATAGACCGTGGCACTC-1-WT,kept
ATAGAGAAGCATCAAA-1-WT,kept
ATAGAGAGTTTGTTGG-1-WT,kept
ATAGAGATCGGCTTGG-1-WT,kept
ATAGAGATCTTCCAGC-1-WT,kept
ATAGGCTAGAAGTCCG-1-WT,kept
ATATCCTGTGCAGGAT-1-WT,kept
ATATCCTTCGACATAC-1-WT,kept
ATCACGAAGAACTCCT-1-WT,kept
ATCACGAAGTCCCGGT-1-WT,kept
ATCACGACATGGAACG-1-WT,kept
ATCACTTCAACAAGTA-1-WT,kept
ATCACTTTCATGACAC-1-WT,kept
ATCAGGTAGCAGGCTA-1-WT,kept
ATCAGGTCAATCGCAT-1-WT,kept
ATCAGGTCAATGGCAG-1-WT,kept
ATCATTCGTCCGGTGT-1-WT,kept
ATCATTCGTGCATTAC-1-WT,kept
ATCCACCTCTAAGCGT-1-WT,kept
ATCCATTAGCCTAGGA-1-WT,kept
ATCCATTAGGCCTTCG-1-WT,kept
ATCCATTTCGATCCAA-1-WT,kept
ATCCCTGAGGGTTTCT-1-WT,kept
ATCCCTGCACCCGTAG-1-WT,kept
ATCCCTGGTTGAGGAC-1-WT,kept
ATCCCTGGTTGCATGT-1-WT,kept
ATCCGTCAGCGTATGG-1-WT,kept
ATCCGTCGTACAGTAA-1-WT,kept
ATCCTATTCGACGCGT-1-WT,kept
ATCGATGAGGATTACA-1-WT,kept
ATCGATGTCGAACACT-1-WT,kept
ATCGCCTAGAAATTGC-1-WT,kept
ATCGGATAGATTGATG-1-WT,kept
ATCGGATGTCCTTGTC-1-WT,kept
ATCGGATGTGCGACAA-1-WT,kept
ATCGGCGCAGGAATCG-1-WT,kept
ATCGTAGCAAGATGGC-1-WT,kept
ATCGTAGGTACTGCCG-1-WT,kept
ATCGTAGGTGACTGTT-1-WT,kept
ATCGTAGTCTTGGATG-1-WT,kept
ATCGTCCAGGCACTAG-1-WT,kept
ATCGTCCGTATTGGCT-1-WT,kept
ATCGTCCTCACTACTT-1-WT,kept
ATCGTGAGTAGGATAT-1-WT,kept
ATCTCTAAGCGCTGAA-1-WT,kept
ATCTCTACAATCAAGA-1-WT,kept
ATCTCTACATATCTGG-1-WT,kept
ATCTCTAGTATCAGCT-1-WT,kept
ATCTCTATCCGCACTT-1-WT,kept
ATCTTCATCTTTGGAG-1-WT,kept
ATGAAAGCAATGCAGG-1-WT,kept
ATGAGGGAGCTTCTAG-1-WT,kept
ATGAGGGAGGTAAAGG-1-WT,kept
ATGAGTCAGGAATTAC-1-WT,kept
ATGAGTCCAAAGTATG-1-WT,kept
ATGAGTCGTGGGTTGA-1-WT,kept
ATGAGTCTCCACGTCT-1-WT,kept
ATGAGTCTCCCTCGTA-1-WT,kept
ATGATCGAGGCTTAAA-1-WT,kept
ATGATCGAGTCGCCAC-1-WT,kept
ATGATCGGTCTAGGCC-1-WT,kept
ATGATCGTCCATAAGC-1-WT,kept
ATGCATGAGTTACGGG-1-WT,kept
ATGCATGCAGCTGGTC-1-WT,kept
ATGCATGCATAGGTAA-1-WT,kept
ATGCATGGTTCAGCTA-1-WT,kept
ATGCCTCAGTAGTCAA-1-WT,kept
ATGCCTCCAGCTGAGA-1-WT,kept
ATGCGATAGCGCTGAA-1-WT,kept
ATGCGATTCATGTCTT-1-WT,kept
ATGCGATTCGTTACCC-1-WT,kept
ATGGAGGGTCTCTCAC-1-WT,kept
ATGGATCTCTAGAGCT-1-WT,kept
ATGGGAGAGAGTGACC-1-WT,kept
ATGGGTTAGCCAGACA-1-WT,kept
ATGGGTTAGGCCTGAA-1-WT,kept
ATGGGTTGTCGCACAC-1-WT,kept
ATGGGTTTCCATTGGA-1-WT,kept
ATGGTTGAGATGGTAT-1-WT,kept
ATGTCCCAGCCGAATG-1-WT,kept
ATGTCCCGTGGAGAAA-1-WT,kept
ATGTCCCGTGTCTTCC-1-WT,kept
ATGTCCCTCCTCGATC-1-WT,kept
ATGTCCCTCGCTTACC-1-WT,kept
ATGTCTTCAATCCAGT-1-WT,kept
ATTACCTCACGCGTCA-1-WT,kept
ATTACTCCACTGTGTA-1-WT,kept
ATTACTCCAGCCATTA-1-WT,kept
ATTATCCCAGTCGTTA-1-WT,kept
ATTATCCGTAATCAAG-1-WT,kept
ATTATCCTCACGAACT-1-WT,kept
ATTATCCTCCAACTGA-1-WT,kept
ATTCACTCAACGGGTA-1-WT,kept
ATTCACTCAATCTCTT-1-WT,kept
ATTCACTCAATGCAAA-1-WT,kept
ATTCACTTCTTTCCAA-1-WT,kept
ATTCAGGGTTAGGCCC-1-WT,kept
ATTCCATCACATTGTG-1-WT,kept
ATTCCATCACGAAAGC-1-WT,kept
ATTCCATGTATTCCTT-1-WT,kept
ATTCCCGCACAGCTTA-1-WT,kept
ATTCGTTAGGTTATAG-1-WT,kept
ATTCGTTCAATCACGT-1-WT,kept
ATTCGTTCAGAACGCA-1-WT,kept
ATTCTACAGCCGCTTG-1-WT,kept
ATTCTTGGTCCAATCA-1-WT,kept
ATTCTTGTCCTGTAGA-1-WT,kept
ATTCTTGTCGCGTGAC-1-WT,kept
ATTCTTGTCTACAGGT-1-WT,kept
ATTGTTCAGTAGGTTA-1-WT,kept
ATTGTTCCAACCAGAG-1-WT,kept
ATTGTTCTCAGATGCT-1-WT,kept
ATTTACCGTAACACCT-1-WT,kept
ATTTCACCATGTTTGG-1-WT,kept
ATTTCACGTTATGTCG-1-WT,kept
ATTTCACGTTCGCGTG-1-WT,kept
ATTTCACTCTGCTTAT-1-WT,kept
ATTTCTGGTATCAAGA-1-WT,kept
CAAAGAACAAAGTGTA-1-WT,kept
CAACAACCAAAGACGC-1-WT,kept
CAACAACTCTGCCCTA-1-WT,kept
CAACAGTAGCAAACAT-1-WT,kept
CAACCAAGTTCTCTAT-1-WT,kept
CAACCAATCATCGTAG-1-WT,kept
CAACCAATCCATCACC-1-WT,kept
CAACGGCCAGAATTCC-1-WT,kept
CAAGACTCAGGAGACT-1-WT,kept
CAAGAGGAGCTGACAG-1-WT,kept
CAAGAGGTCAGCTGTA-1-WT,kept
CAAGCTAAGATTAGTG-1-WT,kept
CAAGCTACACAGAGAC-1-WT,kept
CAAGCTACAGAGGCAT-1-WT,kept
CAAGCTAGTAAGCAAT-1-WT,kept
CAAGCTATCTTGCGCT-1-WT,kept
CAATACGCAATAACGA-1-WT,kept
CAATACGTCTTTCCAA-1-WT,kept
CAATCGATCAAGGACG-1-WT,kept
CAATGACCAAGGCGTA-1-WT,kept
CAATGACCATGTTCGA-1-WT,kept
CAATGACGTTCCGCTT-1-WT,kept
CAATGACTCATGCCCT-1-WT,kept
CAATGACTCTATCCAT-1-WT,kept
CAATTTCGTCAAAGCG-1-WT,kept
CACAACAAGGTAAGGA-1-WT,kept
CACAACAGTGGATTTC-1-WT,kept
CACACAACAAATCGTC-1-WT,kept
CACACAAGTGTGCTTA-1-WT,kept
CACACAAGTGTTAACC-1-WT,kept
CACACAATCGTTGTAG-1-WT,kept
CACAGATCAGATCACT-1-WT,kept
CACAGATCAGCGACAA-1-WT,kept
CACAGATCAGCTATAC-1-WT,kept
CACAGATCAGGACAGT-1-WT,kept
CACAGATCATGTGGTT-1-WT,kept
CACAGATTCAAGAAAC-1-WT,kept
CACAGGCGTTGCCGCA-1-WT,kept
CACAGGCGTTTAAGGA-1-WT,kept
CACATGATCAAGCCCG-1-WT,kept
CACATGATCCCGAAAT-1-WT,kept
CACATGATCTGGCCAG-1-WT,kept
CACCAAACAGGCACAA-1-WT,kept
CACCAAAGTCAAAGTA-1-WT,kept
CACCAAAGTTCGAAGG-1-WT,kept
CACCGTTTCTCGTTTA-1-WT,kept
CACGAATTCCTTCTAA-1-WT,kept
CACGTGGAGCTATCCA-1-WT,kept
CACGTGGCAGCGGTCT-1-WT,kept
CACGTGGGTGACCTGC-1-WT,kept
CACGTTCAGAGAGAAC-1-WT,kept
CACGTTCAGATTGAGT-1-WT,kept
CACGTTCCAATACCCA-1-WT,kept
CACGTTCTCTATTTCG-1-WT,kept
CACTAAGAGAGTCACG-1-WT,kept
CACTAAGAGTGACACG-1-WT,kept
CACTGAAGTGGGCTTC-1-WT,kept
CACTGAATCTCTCGCA-1-WT,kept
CACTGGGCAAGAGATT-1-WT,kept
CACTGGGGTACCCGCA-1-WT,kept
CACTGGGGTCCTGGTG-1-WT,kept
CACTGTCCATAAGCAA-1-WT,kept
CACTGTCTCCTTCACG-1-WT,kept
CACTTCGTCCTACAAG-1-WT,kept
CAGAGCCAGGATTCAA-1-WT,kept
CAGAGCCCAAGCGATG-1-WT,kept
CAGAGCCCACACCGAC-1-WT,kept
CAGAGCCCACATGGTT-1-WT,kept
CAGAGCCCATCCGAGC-1-WT,kept
CAGAGCCGTTGGAGAC-1-WT,kept
CAGATACCATGAGTAA-1-WT,kept
CAGATCAAGCCGTTAT-1-WT,kept
CAGATCAAGCTGAGCA-1-WT,kept
CAGATCAGTAGCGCTC-1-WT,kept
CAGATTGCAACTGCTA-1-WT,kept
CAGATTGGTACTGGGA-1-WT,kept
CAGATTGTCACAAGGG-1-WT,kept
CAGCAATAGAACGCGT-1-WT,kept
CAGCAATGTACGAAAT-1-WT,kept
CAGCAATGTGTAGTGG-1-WT,kept
CAGCACGCAGCGACCT-1-WT,kept
CAGCAGCCAGCGAGTA-1-WT,kept
CAGCGTGCAGAACTCT-1-WT,kept
CAGGCCAGTGAATAAC-1-WT,kept
CAGGGCTCAGCCTTCT-1-WT,kept
CAGGGCTGTAGTGATA-1-WT,kept
CAGGGCTTCCTCTGCA-1-WT,kept
CAGGGCTTCGCACGAC-1-WT,kept
CAGGTATAGTGGTTCT-1-WT,kept
CAGGTATCACCTGATA-1-WT,kept
CAGGTATCATGTTTGG-1-WT,kept
CAGTGCGTCTGATTCT-1-WT,kept
CAGTTAGAGCCGGAAT-1-WT,kept
CAGTTAGTCCTTACCG-1-WT,kept
CAGTTCCAGCACTAAA-1-WT,kept
CAGTTCCGTAGACAGC-1-WT,kept
CAGTTCCTCACGGGCT-1-WT,kept
CAGTTCCTCCCAGTGG-1-WT,kept
CATAAGCAGGGAGGCA-1-WT,kept
CATAAGCCAACGATCT-1-WT,kept
CATAAGCGTCGCGGTT-1-WT,kept
CATACAGTCACTCCGT-1-WT,kept
CATACAGTCAGACTGT-1-WT,kept
CATACAGTCATGGAGG-1-WT,kept
CATACAGTCCGTGTAA-1-WT,kept
CATACAGTCGTGGCTG-1-WT,kept
CATACCCAGCTAATGA-1-WT,kept
CATACCCTCTCATAGG-1-WT,kept
CATAGACCACGTAGAG-1-WT,kept
CATAGACCAGACCCGT-1-WT,kept
CATAGACGTCACCGAC-1-WT,kept
CATAGACGTGAGTTTC-1-WT,kept
CATCAAGAGCATCAAA-1-WT,kept
CATCAAGGTGAATGAT-1-WT,kept
CATCAAGGTGTTACTG-1-WT,kept
CATCAAGTCGAACGCC-1-WT,kept
CATCCCACAACACTAC-1-WT,kept
CATCCGTGTACTCGAT-1-WT,kept
CATCGCTAGAGCATAT-1-WT,kept
CATCGCTAGTTACGGG-1-WT,kept
CATCGCTCACTTTAGG-1-WT,kept
CATCGCTTCCACTTCG-1-WT,kept
CATCGCTTCTCGTCAC-1-WT,kept
CATCGCTTCTGTCGTC-1-WT,kept
CATCGGGAGGATTTGA-1-WT,kept
CATCGGGGTTTGGAAA-1-WT,kept
CATCGTCAGCGACATG-1-WT,kept
CATCGTCCATACTGAC-1-WT,kept
CATCGTCGTGGCGCTT-1-WT,kept
CATGAGTTCATTACGG-1-WT,kept
CATGCCTAGCGACATG-1-WT,kept
CATGCCTAGTTGGACG-1-WT,kept
CATGCCTCAGATCCAT-1-WT,kept
CATGCCTCATCGGTTA-1-WT,kept
CATGCGGAGTCACTGT-1-WT,kept
CATGCGGGTATCGCTA-1-WT,kept
CATGCTCCAACGAGGT-1-WT,kept
CATGGATAGGTCTACT-1-WT,kept
CATGGATCAGGCTCTG-1-WT,kept
CATGGATGTGTGATGG-1-WT,kept
CATGGTAAGCTAGATA-1-WT,kept
CATGGTAAGGGTGAAA-1-WT,kept
CATGGTACACCTTCCA-1-WT,kept
CATGGTACACGGTCTG-1-WT,kept
CATGGTATCTTGGAAC-1-WT,kept
CATTCATTCCGCATAA-1-WT,kept
CATTCCGCATGGAACG-1-WT,kept
CATTCCGGTAAGTTAG-1-WT,kept
CATTCCGGTCGATTAC-1-WT,kept
CATTCCGTCCAGTACA-1-WT,kept
CATTCTAAGTGGACTG-1-WT,kept
CATTCTACATCTGCGG-1-WT,kept
CATTGAGAGCGTTCCG-1-WT,kept
CATTGAGAGGCTTTCA-1-WT,kept
CATTGAGTCAGCGGAA-1-WT,kept
CATTGAGTCCACAGGC-1-WT,kept
CATTGCCAGACTTGTC-1-WT,kept
CATTGCCCAGATAAAC-1-WT,kept
CATTGCCCAGCTCATA-1-WT,kept
CATTGTTCAGTAACCT-1-WT,kept
CATTGTTGTTTACACG-1-WT,kept
CATTGTTTCGATTTCT-1-WT,kept
CATTTCACAGGATTCT-1-WT,kept
CATTTCATCAGGAAGC-1-WT,kept
CATTTCATCGGTTCAA-1-WT,kept
CCAAGCGGTATGCGTT-1-WT,kept
CCAATTTCATACTTTC-1-WT,kept
CCACAAAAGCTGAAAT-1-WT,kept
CCACAAACATAGTCGT-1-WT,kept
CCACAAAGTCTGATAC-1-WT,kept
CCACAAAGTGCGGATA-1-WT,kept
CCACAAATCACCTCAC-1-WT,kept
CCACAAATCCTGTTGC-1-WT,kept
CCACACTGTCGAGCAA-1-WT,kept
CCACACTTCTACCCAC-1-WT,kept
CCACCATTCCCTGGTT-1-WT,kept
CCACGAGCAGTAGTGG-1-WT,kept
CCACGAGCATTCATCT-1-WT,kept
CCACGAGGTAATTAGG-1-WT,kept
CCACGTTCAATCTGCA-1-WT,kept
CCACGTTCACCAATTG-1-WT,kept
CCACGTTCATCATCCC-1-WT,kept
CCACGTTTCAAGGTGG-1-WT,kept
CCACTTGCAAGCGCTC-1-WT,kept
CCACTTGTCCAACCGG-1-WT,kept
CCATAAGCAATCCAGT-1-WT,kept
CCATAAGCATCTAACG-1-WT,kept
CCATAAGGTTCCCAAA-1-WT,kept
CCATAAGGTTGTCCCT-1-WT,kept
CCATCACAGGGTAATT-1-WT,kept
CCCAACTTCTCGCTTG-1-WT,kept
CCCGAAGAGTAGTCTC-1-WT,kept
CCCGGAAAGCGCCTAC-1-WT,kept
CCCGGAAAGCTTCTAG-1-WT,kept
CCCGGAAGTCGTTGCG-1-WT,kept
CCCTAACAGACGAGCT-1-WT,kept
CCCTAACTCAAGCCTA-1-WT,kept
CCCTCAATCACTCGAA-1-WT,kept
CCCTCAATCTATCGTT-1-WT,kept
CCCTGATGTACGTACT-1-WT,kept
CCCTGATTCACCATAG-1-WT,kept
CCCTGATTCCCGTTCA-1-WT,kept
CCCTTAGCAGGATTCT-1-WT,kept
CCCTTAGGTGTGGACA-1-WT,kept
CCCTTAGGTTAGGCTT-1-WT,kept
CCGAACGAGCTCATAC-1-WT,kept
CCGAACGTCGCAGTCG-1-WT,kept
CCGAACGTCGTCGATA-1-WT,kept
CCGATCTCAAGAGTGC-1-WT,kept
CCGATCTCAGTGACCC-1-WT,kept
CCGATCTGTTCGTTCC-1-WT,kept
CCGATCTTCTTGGCTC-1-WT,kept
CCGATGGAGATACAGT-1-WT,kept
CCGATGGAGGTACCTT-1-WT,kept
CCGCAAGCACGTGTGC-1-WT,kept
CCGCAAGGTCGTCGGT-1-WT,kept
CCGGACACACACACTA-1-WT,kept
CCGGACACACTACGGC-1-WT,kept
CCGGACATCGTTGTAG-1-WT,kept
CCGGGTACACCGTGGT-1-WT,kept
CCGGGTATCGAACTCA-1-WT,kept
CCGGTAGAGGAACATT-1-WT,kept
CCGGTAGCATGCACTA-1-WT,kept
CCGGTAGGTTCTCCAC-1-WT,kept
CCGGTGACAGAGCGTA-1-WT,kept
CCGGTGACATCCGGCA-1-WT,kept
CCGGTGATCTTTCGAT-1-WT,kept
CCGTGAGGTGTTAACC-1-WT,kept
CCGTGAGTCTGGCTGG-1-WT,kept
CCGTTCACATTACTCT-1-WT,kept
CCTAACCTCAGTGGGA-1-WT,kept
CCTAACCTCCCTCATG-1-WT,kept
CCTAACCTCGCGTAGC-1-WT,kept
CCTAAGACAACCAATC-1-WT,kept
CCTAAGAGTTCTCGTC-1-WT,kept
CCTAAGATCACTACTT-1-WT,kept
CCTACGTAGGAAAGAC-1-WT,kept
CCTACGTCAAGTCGTT-1-WT,kept
CCTACGTGTATACCCA-1-WT,kept
CCTATCGTCCGTCAAA-1-WT,kept
CCTATCGTCTAGTACG-1-WT,kept
CCTCAACCATCAGTCA-1-WT,kept
CCTCAGTAGACAGTCG-1-WT,kept
CCTCAGTAGAGATTCA-1-WT,kept
CCTCAGTAGCCGCACT-1-WT,kept
CCTCAGTCATTGAAAG-1-WT,kept
CCTCAGTTCGTCAGAT-1-WT,kept
CCTCATGAGGGTATAT-1-WT,kept
CCTCATGGTGGTCCCA-1-WT,kept
CCTCCAACATGTTACG-1-WT,kept
CCTCCAATCGTCCATC-1-WT,kept
CCTCCAATCGTTGCCT-1-WT,kept
CCTCCAATCTTCCCGA-1-WT,kept
CCTCCTCAGTGGAAGA-1-WT,kept
CCTCCTCCAAAGTGTA-1-WT,kept
CCTCCTCCATTAGGCT-1-WT,kept
CCTCCTCGTCATCACA-1-WT,kept
CCTCTAGCACGCGCAT-1-WT,kept
CCTCTAGGTTGAAGTA-1-WT,kept
CCTCTCCTCGAGCCTG-1-WT,kept
CCTGCATAGATTCGAA-1-WT,kept
CCTGCATAGTGTTCAC-1-WT,kept
CCTGTTGAGACAACAT-1-WT,kept
CCTGTTGCAGTTGCGC-1-WT,kept
CCTGTTGTCGTAATGC-1-WT,kept
CCTTCAGCATCACAGT-1-WT,kept
CCTTCAGTCTCACTCG-1-WT,kept
CCTTGTGAGTGTACCT-1-WT,kept
CCTTGTGCACTCAAGT-1-WT,kept
CCTTGTGCACTTACAG-1-WT,kept
CCTTGTGGTCGCATTA-1-WT,kept
CCTTTGGTCAAAGGAT-1-WT,kept
CCTTTGGTCCCAACTC-1-WT,kept
CGAAGGAAGTTGCCCG-1-WT,kept
CGAAGTTAGACAACAT-1-WT,kept
CGAAGTTAGCACTCTA-1-WT,kept
CGAAGTTAGTCTACCA-1-WT,kept
CGACAGCAGGTCCCTG-1-WT,kept
CGACAGCCAACGCATT-1-WT,kept
CGACAGCCATGTTTGG-1-WT,kept
CGAGAAGAGGATTCCT-1-WT,kept
CGAGAAGAGGTAGTAT-1-WT,kept
CGAGAAGTCATTTACC-1-WT,kept
CGAGGAAAGATAGCTA-1-WT,kept
CGAGGAACAATTCTTC-1-WT,kept
CGAGGCTAGACCAAGC-1-WT,kept
CGAGGCTAGCAGTAAT-1-WT,kept
CGAGGCTGTCGTTCAA-1-WT,kept
CGAGGCTTCAAGAATG-1-WT,kept
CGAGTGCCATACCATG-1-WT,kept
CGAGTGCGTACAGCGA-1-WT,kept
CGAGTGCTCCATTCGC-1-WT,kept
CGAGTTAAGCATTGAA-1-WT,kept
CGAGTTACACCCTCTA-1-WT,kept
CGATGCGAGGTCACAG-1-WT,kept
CGATGCGGTACTCGTA-1-WT,kept
CGATGGCAGCAGTAAT-1-WT,kept
CGATGGCCACCGTACG-1-WT,kept
CGATGGCGTTCTCCCA-1-WT,kept
CGCAGGTAGTCGAAGC-1-WT,kept
CGCATAAAGACGTCGA-1-WT,kept
CGCATAAAGCGCCGTT-1-WT,kept
CGCATGGAGCGGGTTA-1-WT,kept
CGCATGGAGTCTCCTC-1-WT,kept
CGCATGGGTACTGAGG-1-WT,kept
CGCATGGTCATGCTAG-1-WT,kept
CGCATGGTCCACTTTA-1-WT,kept
CGCATGGTCCTTATAC-1-WT,kept
CGCCATTAGGCTCCCA-1-WT,kept
CGCCATTCATGACAGG-1-WT,kept
CGCCATTGTGGCGTAA-1-WT,kept
CGCCATTGTTGACGGA-1-WT,kept
CGCGTGAAGCGACTTT-1-WT,kept
CGGAACCGTTCTCCTG-1-WT,kept
CGGAATTGTTTCGTAG-1-WT,kept
CGGACACAGATTCGAA-1-WT,kept
CGGACACAGTCCTACA-1-WT,kept
CGGACACAGTTACGTC-1-WT,kept
CGGAGAAGTAATGATG-1-WT,kept
CGGAGAAGTGTCTTAG-1-WT,kept
CGGAGAATCAATCTTC-1-WT,kept
CGGAGAATCGACATCA-1-WT,kept
CGGCAGTAGCGTCGAA-1-WT,kept
CGGCAGTGTGTAGCAG-1-WT,kept
CGGGACTAGTCTTCGA-1-WT,kept
CGGGACTCAGCGTAGA-1-WT,kept
CGGGACTTCTGCTAGA-1-WT,kept
CGGGCATAGGCCTAAG-1-WT,kept
CGGGCATGTATCTCTT-1-WT,kept
CGGGCATGTTACGCCG-1-WT,kept
CGGGTCACAGGTTACT-1-WT,kept
CGGGTCAGTCTTGCGG-1-WT,kept
CGGGTCATCCGATGCG-1-WT,kept
CGGGTGTCAAATCCCA-1-WT,kept
CGGGTGTTCGCCCAGA-1-WT,kept
CGGGTGTTCTTCCTAA-1-WT,kept
CGGTCAGGTAGCTGAG-1-WT,kept
CGGTCAGGTGAACGGT-1-WT,kept
CGTAAGTAGAGTATAC-1-WT,kept
CGTAAGTAGTGTACCT-1-WT,kept
CGTAAGTCATTAGGCT-1-WT,kept
CGTAAGTGTGTTCGAT-1-WT,kept
CGTAAGTTCCACATAG-1-WT,kept
CGTAATGCACGCTGAC-1-WT,kept
CGTAATGGTCGGCTAC-1-WT,kept
CGTAATGTCCTAACAG-1-WT,kept
CGTAGTAAGAGCATCG-1-WT,kept
CGTAGTAGTCAAGTTC-1-WT,kept
CGTAGTAGTCCGTACG-1-WT,kept
CGTAGTATCCACCTGT-1-WT,kept
CGTAGTATCTGCATAG-1-WT,kept
CGTCAAATCGATACGT-1-WT,kept
CGTCCATTCAACTTTC-1-WT,kept
CGTGATATCAGCGCGT-1-WT,kept
CGTGCTTAGAAGAGCA-1-WT,kept
CGTGCTTTCGACATAC-1-WT,kept
CGTGTCTCAGTGGGTA-1-WT,kept
CGTGTCTTCCTTACCG-1-WT,kept
CGTTAGAAGACATAGT-1-WT,kept
CGTTAGAAGTAGGATT-1-WT,kept
CGTTAGACAACACGTT-1-WT,kept
CGTTAGACAGGCTCTG-1-WT,kept
CGTTCTGAGAGATTCA-1-WT,kept
CGTTGGGCAAACTAGA-1-WT,kept
CGTTGGGCAACCGCCA-1-WT,kept
CGTTGGGGTCGCATTA-1-WT,kept
CTAACCCCAATACAGA-1-WT,kept
CTAACCCGTACAAACA-1-WT,kept
CTAACCCGTCTTCGAA-1-WT,kept
CTAACCCTCCGAAATC-1-WT,kept
CTAACTTAGCCTCGTG-1-WT,kept
CTAAGTGAGTGTTCCA-1-WT,kept
CTAAGTGCAGATACTC-1-WT,kept
CTACAGAAGATGGTCG-1-WT,kept
CTACAGACAGAGGCTA-1-WT,kept
CTACAGATCTGAATCG-1-WT,kept
CTACATTAGGGCAACT-1-WT,kept
CTACATTTCAGGCGAA-1-WT,kept
CTACATTTCCGTGTGG-1-WT,kept
CTACCCATCTGGACCG-1-WT,kept
CTACCTGAGCTAAATG-1-WT,kept
CTACCTGGTAGGTAGC-1-WT,kept
CTACCTGTCCAAGCCG-1-WT,kept
CTACGGGCACAGTCAT-1-WT,kept
CTACGGGCACCGAATT-1-WT,kept
CTACTATGTGTGAGCA-1-WT,kept
CTAGACAGTGAGCGAT-1-WT,kept
CTAGGTAAGCTCACTA-1-WT,kept
CTAGGTATCCTTGGAA-1-WT,kept
CTATAGGCACAACCGC-1-WT,kept
CTATAGGGTGAATTGA-1-WT,kept
CTATAGGGTGGAACCA-1-WT,kept
CTATCCGCACGGGTAA-1-WT,kept
CTATCCGTCATGTCAG-1-WT,kept
CTATCCGTCTCGCGTT-1-WT,kept
CTATCTACACCTGAAT-1-WT,kept
CTATCTATCCGATTAG-1-WT,kept
CTCAACCAGCGTCTCG-1-WT,kept
CTCAACCAGGGCCTCT-1-WT,kept
CTCAACCCACTTGAAC-1-WT,kept
CTCAACCGTAGCGTTT-1-WT,kept
CTCAACCGTTTACTGG-1-WT,kept
CTCAAGAGTATCAAGA-1-WT,kept
CTCAAGAGTCCTCATC-1-WT,kept
CTCAAGATCTCGAACA-1-WT,kept
CTCAATTAGGAAGAAC-1-WT,kept
CTCAATTCACTGGCCA-1-WT,kept
CTCAATTTCAGGAGAC-1-WT,kept
CTCACTGGTCATGACT-1-WT,kept
CTCACTGGTGTACAGG-1-WT,kept
CTCAGAACACTTACAG-1-WT,kept
CTCAGAACATGGCCCA-1-WT,kept
CTCAGGGAGAATCTAG-1-WT,kept
CTCAGTCAGAGCATCG-1-WT,kept
CTCAGTCCAGAGTTGG-1-WT,kept
CTCAGTCGTGGCTTGC-1-WT,kept
CTCATCGCAGACTGCC-1-WT,kept
CTCATCGTCTTGTTAC-1-WT,kept
CTCATTAAGGGTTAAT-1-WT,kept
CTCCAACAGCATTTCG-1-WT,kept
CTCCAACCAGAAATTG-1-WT,kept
CTCCACAAGTGGACGT-1-WT,kept
CTCCACACACCTTCGT-1-WT,kept
CTCCACAGTACAGGTG-1-WT,kept
CTCCACATCCATCTCG-1-WT,kept
CTCCATGAGCATCGAG-1-WT,kept
CTCCATGCAACTCCCT-1-WT,kept
CTCCATGCACCACATA-1-WT,kept
CTCCCAATCGTCTAAG-1-WT,kept
CTCCCTCTCCGATCGG-1-WT,kept
CTCCGATGTACGATCT-1-WT,kept
CTCCGATTCCGGACGT-1-WT,kept
CTCCTCCCAGAAATTG-1-WT,kept
CTCCTCCTCACAAGAA-1-WT,kept
CTCCTCCTCGCTGATA-1-WT,kept
CTCCTTTGTCTCGCGA-1-WT,kept
CTCCTTTGTGCGGTAA-1-WT,kept
CTCCTTTTCACCTCAC-1-WT,kept
CTCGAGGCATTGACCA-1-WT,kept
CTCGAGGGTATGAAGT-1-WT,kept
CTCGAGGGTGTACGCC-1-WT,kept
CTCTCAGCACGACGTC-1-WT,kept
CTCTCAGGTGTGGACA-1-WT,kept
CTCTCGACACCAGACC-1-WT,kept
CTCTCGACACTGTGAT-1-WT,kept
CTCTGGTAGGTCACCC-1-WT,kept
CTCTGGTTCGTTAGAC-1-WT,kept
CTGAATGAGAATAGTC-1-WT,kept
CTGAATGAGGAATCGC-1-WT,kept
CTGAATGCAGGTGACA-1-WT,kept
CTGAGCGAGCCGTTGC-1-WT,kept
CTGAGCGCAAGTGTCT-1-WT,kept
CTGAGCGCATCCTGTC-1-WT,kept
CTGAGGCAGGTCACCC-1-WT,kept
CTGATCCCACATTGTG-1-WT,kept
CTGATCCCAGGGTTGA-1-WT,kept
CTGATCCGTAGGACCA-1-WT,kept
CTGATCCGTCCGGACT-1-WT,kept
CTGATCCGTGCCCTTT-1-WT,kept
CTGATCCTCACCTGGG-1-WT,kept
CTGCAGGAGTCTAGCT-1-WT,kept
CTGCAGGCAGTATGAA-1-WT,kept
CTGCAGGTCTCCCAAC-1-WT,kept
CTGCATCAGTATGAAC-1-WT,kept
CTGCCATCAGAGTCTT-1-WT,kept
CTGCCATTCGCTGCGA-1-WT,kept
CTGCGAGCAAGATTGA-1-WT,kept
CTGCGAGGTTGCGGCT-1-WT,kept
CTGCTCAAGCAGTACG-1-WT,kept
CTGCTCAGTCTGTAAC-1-WT,kept
CTGGACGAGATTCGAA-1-WT,kept
CTGGACGCACGGTGAA-1-WT,kept
CTGGCAGCAGAACATA-1-WT,kept
CTGGCAGTCAACTGAC-1-WT,kept
CTGGTCTAGGAACGCT-1-WT,kept
CTGGTCTCATTCCTAT-1-WT,kept
CTGTACCGTGGCTTAT-1-WT,kept
CTGTAGAAGTCTAGCT-1-WT,kept
CTGTAGAGTTAATCGC-1-WT,kept
CTGTAGATCCATGATG-1-WT,kept
CTGTATTCACAAGCTT-1-WT,kept
CTGTATTCATCTGTTT-1-WT,kept
CTGTATTTCGCGGTAC-1-WT,kept
CTGTCGTCAACCGGAA-1-WT,kept
CTGTCGTCACAGAAGC-1-WT,kept
CTGTCGTGTTGACTGT-1-WT,kept
CTGTCGTTCTCTCTTC-1-WT,kept
CTGTGAATCCTGTAAG-1-WT,kept
CTGTGGGCAACTGGTT-1-WT,kept
CTGTGGGCACCGTGGT-1-WT,kept
CTGTGGGGTTGGGACA-1-WT,kept
CTTACCGCAATCGCGC-1-WT,kept
CTTCAATAGCCATCCG-1-WT,kept
CTTCAATGTAACAGGC-1-WT,kept
CTTCCGAAGACTAAGT-1-WT,kept
CTTCCGACAGCCTACG-1-WT,kept
CTTCCGAGTTTACTGG-1-WT,kept
CTTCCTTCAGCAGATG-1-WT,kept
CTTCCTTGTAATGTGA-1-WT,kept
CTTCCTTGTAGAGCTG-1-WT,kept
CTTCCTTGTGTCCCTT-1-WT,kept
CTTCCTTGTGTCTTGA-1-WT,kept
CTTCCTTTCTTAGCTT-1-WT,kept
CTTCGGTAGACTTCAC-1-WT,kept
CTTCGGTCAGAGATTA-1-WT,kept
CTTCTAACAGGTTCAT-1-WT,kept
CTTCTAAGTAATACCC-1-WT,kept
CTTCTCTGTATGGAGC-1-WT,kept
CTTCTCTGTGGCATCC-1-WT,kept
CTTGAGACAGGTGACA-1-WT,kept
CTTGAGAGTGCCCACA-1-WT,kept
CTTGATTAGACTCTTG-1-WT,kept
CTTGATTAGGGCAGTT-1-WT,kept
CTTTCAAAGGAAAGAC-1-WT,kept
CTTTCAACAGCGCGTT-1-WT,kept
CTTTCAAGTCATTCCC-1-WT,kept
CTTTCAAGTTAGAGAT-1-WT,kept
CTTTCAATCGGCTTCT-1-WT,kept
CTTTCGGAGGAGAGGC-1-WT,kept
CTTTCGGCACAGCCAC-1-WT,kept
GAAACCTGTACAGTTC-1-WT,kept
GAAACCTGTCTTACAG-1-WT,kept
GAAATGACAGTCGGAA-1-WT,kept
GAAATGATCATTTCGT-1-WT,kept
GAACACTCAATAACCC-1-WT,kept
GAACTGTAGGCATCTT-1-WT,kept
GAACTGTGTAGTTACC-1-WT,kept
GAACTGTGTGGATACG-1-WT,kept
GAACTGTTCAGACCTA-1-WT,kept
GAACTGTTCGCAACAT-1-WT,kept
GAAGAATAGGGTGAAA-1-WT,kept
GAAGAATCAAGTTCCA-1-WT,kept
GAAGCCCAGATCCGAG-1-WT,kept
GAAGCCCTCGTTATCT-1-WT,kept
GAAGCGAAGAGTTGCG-1-WT,kept
GAAGGACCAGCCTATA-1-WT,kept
GAAGGGTAGAGAGAAC-1-WT,kept
GAAGGGTAGGCCGCTT-1-WT,kept
GAAGGGTTCTCCTGTG-1-WT,kept
GAAGGGTTCTGTCGCT-1-WT,kept
GAAGTAAAGCAGTCTT-1-WT,kept
GAAGTAAAGGCACTCC-1-WT,kept
GAAGTAAAGGTAGTCG-1-WT,kept
GAAGTAACACGTCGGT-1-WT,kept
GAAGTAATCAAGCGTT-1-WT,kept
GAATAGAAGAGCATAT-1-WT,kept
GAATAGAAGCATGTTC-1-WT,kept
GAATAGACACAACATC-1-WT,kept
GAATCACAGTCATAGA-1-WT,kept
GAATCGTGTTGCCTAA-1-WT,kept
GACACGCCAAGTCGTT-1-WT,kept
GACACGCTCAAACCTG-1-WT,kept
GACACGCTCGAACCTA-1-WT,kept
GACAGCCAGTACCCTA-1-WT,kept
GACAGCCAGTCATAGA-1-WT,kept
GACAGCCGTGGTTCTA-1-WT,kept
GACATCACAGATTCGT-1-WT,kept
GACCCAGGTGGTTTGT-1-WT,kept
GACCCAGTCCACCTGT-1-WT,kept
GACCGTGAGTGCCCGT-1-WT,kept
GACCGTGCAGGTTCGC-1-WT,kept
GACCTTCCATGTGACT-1-WT,kept
GACCTTCGTGACCGAA-1-WT,kept
GACGCTGAGCACTCTA-1-WT,kept
GACGCTGCATCAGCAT-1-WT,kept
GACGCTGGTGTGCCTG-1-WT,kept
GACGTTAGTAGGTACG-1-WT,kept
GACGTTATCCTCACTG-1-WT,kept
GACTATGCATGGCTGC-1-WT,kept
GACTATGTCTGGGTCG-1-WT,kept
GACTCAACATCCTTCG-1-WT,kept
GACTCAAGTCGGCACT-1-WT,kept
GACTCTCCACGGCTAC-1-WT,kept
GACTCTCGTCTGTGGC-1-WT,kept
GACTTCCGTATCATGC-1-WT,kept
GAGAAATAGGCTGAAC-1-WT,kept
GAGAAATAGGTAGACC-1-WT,kept
GAGAAATCAGGTGAGT-1-WT,kept
GAGAAATCATGTGCTA-1-WT,kept
GAGAAATGTGGTCTTA-1-WT,kept
GAGAAATGTTAGAGAT-1-WT,kept
GAGAAATTCAAACTGC-1-WT,kept
GAGAAATTCAAGTGGG-1-WT,kept
GAGACCCAGAGCACTG-1-WT,kept
GAGACCCCAGATAAAC-1-WT,kept
GAGACTTCAAGAGCTG-1-WT,kept
GAGACTTCACATATCG-1-WT,kept
GAGAGGTAGCTGTGCC-1-WT,kept
GAGAGGTCATCGTGCG-1-WT,kept
GAGAGGTTCATGTCTT-1-WT,kept
GAGAGGTTCGTTAGTG-1-WT,kept
GAGATGGAGCATTTCG-1-WT,kept
GAGATGGAGGACAACC-1-WT,kept
GAGATGGAGGTCATTC-1-WT,kept
GAGATGGGTTTCTTAC-1-WT,kept
GAGCCTGCAAACAGGC-1-WT,kept
GAGCCTGCACCCTGAG-1-WT,kept
GAGGCAAAGGATCACG-1-WT,kept
GAGGCAACATGTTCAG-1-WT,kept
GAGGCAAGTGGAACCA-1-WT,kept
GAGGCAAGTGGGCTTC-1-WT,kept
GAGGCAATCCCGAGGT-1-WT,kept
GAGGCCTCAGGACAGT-1-WT,kept
GAGGCCTCATGAAGGC-1-WT,kept
GAGGCCTGTATCCCTC-1-WT,kept
GAGGCCTTCAATCAGC-1-WT,kept
GAGGCCTTCGGTCAGC-1-WT,kept
GAGGGATAGCGAACTG-1-WT,kept
GAGTCATAGTGCAGCA-1-WT,kept
GAGTCATAGTTGAATG-1-WT,kept
GAGTCATGTTTGCAGT-1-WT,kept
GAGTCTAGTCCTGTTC-1-WT,kept
GAGTGAGGTGAATTAG-1-WT,kept
GAGTGAGTCACCGGTG-1-WT,kept
GAGTGTTAGGACAGCT-1-WT,kept
GAGTGTTAGGCTGTAG-1-WT,kept
GAGTGTTCACAAATCC-1-WT,kept
GAGTGTTGTAGATTGA-1-WT,kept
GAGTGTTGTGCCTACG-1-WT,kept
GAGTTACGTATGCAAA-1-WT,kept
GAGTTACTCGACACTA-1-WT,kept
GAGTTTGAGAAGTCAT-1-WT,kept
GAGTTTGAGCACTTTG-1-WT,kept
GAGTTTGTCCTATTTG-1-WT,kept
GATAGAACATTGACCA-1-WT,kept
GATAGAATCCGATGCG-1-WT,kept
GATAGCTAGCCGATCC-1-WT,kept
GATAGCTCAATAGTCC-1-WT,kept
GATAGCTCAGATTAAG-1-WT,kept
GATAGCTGTTAAACCC-1-WT,kept
GATAGCTTCACCGGGT-1-WT,kept
GATAGCTTCACTCACC-1-WT,kept
GATCACAGTACAGCGA-1-WT,kept
GATCAGTAGCTCTTCC-1-WT,kept
GATCATGCACTTTATC-1-WT,kept
GATCATGTCATACGGT-1-WT,kept
GATCCCTAGGACCCAA-1-WT,kept
GATCCCTCACCCTAGG-1-WT,kept
GATCCCTGTTATCTGG-1-WT,kept
GATCGTAAGACGCCCT-1-WT,kept
GATCGTAGTCTAGTGT-1-WT,kept
GATCGTATCTTGGAAC-1-WT,kept
GATGACTCAGCAAGAC-1-WT,kept
GATGAGGAGTGAGGCT-1-WT,kept
GATGAGGCAATTAGGA-1-WT,kept
GATGATCAGACAACTA-1-WT,kept
GATGATCCAAGGACAC-1-WT,kept
GATGGAGCATCGCTAA-1-WT,kept
GATGGAGGTTCTTCAT-1-WT,kept
GATGTTGAGATAGGGA-1-WT,kept
GATGTTGAGTACGAGC-1-WT,kept
GATTCGAAGCTACAAA-1-WT,kept
GATTCGAGTAGTGTGG-1-WT,kept
GATTCTTCACAACGCC-1-WT,kept
GATTCTTTCAAAGACA-1-WT,kept
GATTTCTTCGAACGGA-1-WT,kept
GCAACATAGATTGAGT-1-WT,kept
GCAACATAGCACACCC-1-WT,kept
GCAACATGTAGGAGGG-1-WT,kept
GCAACATTCTTACGGA-1-WT,kept
GCAACCGGTAACGATA-1-WT,kept
GCAACCGGTGGCTGCT-1-WT,kept
GCACATAAGAGAATCT-1-WT,kept
GCACATAGTGAGTTTC-1-WT,kept
GCACATAGTTCGGACC-1-WT,kept
GCACGGTAGAACCCGA-1-WT,kept
GCACGTGGTTAAGGGC-1-WT,kept
GCAGCCACAGATCCTA-1-WT,kept
GCAGCCATCATCGGGC-1-WT,kept
GCAGGCTAGTCAGAGC-1-WT,kept
GCAGGCTAGTCCGCGT-1-WT,kept
GCAGGCTGTATCCTCC-1-WT,kept
GCAGGCTGTTGGGTTT-1-WT,kept
GCAGTTAAGAGTGAAG-1-WT,kept
GCAGTTACAACGTAAA-1-WT,kept
GCATCGGAGGTGATAT-1-WT,kept
GCATCGGGTGGATACG-1-WT,kept
GCATCGGTCGGTGTTA-1-WT,kept
GCATCGGTCTGCGTCT-1-WT,kept
GCATCTCCATGTACGT-1-WT,kept
GCATCTCGTTATTCTC-1-WT,kept
GCATCTCTCCTAACAG-1-WT,kept
GCATGATCAAGTGTCT-1-WT,kept
GCATGATTCGCCTCTA-1-WT,kept
GCATTAGTCCACGTAA-1-WT,kept
GCCAACGAGGAAAGTG-1-WT,kept
GCCAACGTCTCAGGCG-1-WT,kept
GCCAGCACAATTGCTG-1-WT,kept
GCCAGCAGTGTCTTAG-1-WT,kept
GCCAGCATCGGCCCAA-1-WT,kept
GCCAGGTCAGACACCC-1-WT,kept
GCCAGGTCAGGCTTGC-1-WT,kept
GCCAGGTCATAGACTC-1-WT,kept
GCCAGTGAGCACACCC-1-WT,kept
GCCAGTGGTACCCGAC-1-WT,kept
GCCAGTGTCGCCGAAC-1-WT,kept
GCCATGGAGAAGGCTC-1-WT,kept
GCCATGGCAACCAATC-1-WT,kept
GCCATGGCATAGAATG-1-WT,kept
GCCATGGGTATGCAAA-1-WT,kept
GCCATGGTCGCGCCAA-1-WT,kept
GCCATTCAGAGAACCC-1-WT,kept
GCCATTCAGCGCCTTG-1-WT,kept
GCCATTCAGCTGAAAT-1-WT,kept
GCCATTCGTACACGTT-1-WT,kept
GCCATTCGTCATGCAT-1-WT,kept
GCCCAGAAGCTCCATA-1-WT,kept
GCCCAGAAGGGCAACT-1-WT,kept
GCCCAGACATAGAGGC-1-WT,kept
GCCCGAACAATTGCGT-1-WT,kept
GCCCGAACACGCTGAC-1-WT,kept
GCCCGAAGTTGCTAGT-1-WT,kept
GCCCGAATCTGTCTCG-1-WT,kept
GCCGATGAGGAAAGGT-1-WT,kept
GCCGATGCAAGAATGT-1-WT,kept
GCCGATGCAAGCAATA-1-WT,kept
GCCGATGCAGTTAGGG-1-WT,kept
GCCGTGAGTCCTGTCT-1-WT,kept
GCCGTGATCCAACCAA-1-WT,kept
GCCTGTTAGCCGATTT-1-WT,kept
GCGAGAACAACTGCCG-1-WT,kept
GCGAGAACACTAGAGG-1-WT,kept
GCGATCGAGATGCTGG-1-WT,kept
GCGGAAAGTCCGGATC-1-WT,kept
GCGGATCTCTGCATGA-1-WT,kept
GCGTGCACACGGGCTT-1-WT,kept
GCGTGCATCCTACCGT-1-WT,kept
GCGTTTCAGAGGCTGT-1-WT,kept
GCTACAAGTGCTCTCT-1-WT,kept
GCTACCTAGATACGAT-1-WT,kept
GCTACCTAGTCAATCC-1-WT,kept
GCTACCTAGTTTCGGT-1-WT,kept
GCTACCTGTTCAATCG-1-WT,kept
GCTACCTGTTGTGTTG-1-WT,kept
GCTACCTTCAAGTGTC-1-WT,kept
GCTACCTTCGACATAC-1-WT,kept
GCTGAATCAGAGTTGG-1-WT,kept
GCTGCAGAGCATCCTA-1-WT,kept
GCTGCAGTCACTGGGC-1-WT,kept
GCTGCAGTCGGCACTG-1-WT,kept
GCTGGGTCACCTGCGA-1-WT,kept
GCTGGGTCATCGTGGC-1-WT,kept
GCTGGGTTCTAGGAAA-1-WT,kept
GCTTCACAGACCAGCA-1-WT,kept
GCTTCACAGCGCGTTC-1-WT,kept
GCTTCACGTAGGTTTC-1-WT,kept
GCTTCACTCCCAATAG-1-WT,kept
GCTTGGGCACAGTGTT-1-WT,kept
GCTTGGGGTCGAGTGA-1-WT,kept
GCTTTCGGTTGCGTAT-1-WT,kept
GGAAGTGCACATCCCT-1-WT,kept
GGAAGTGGTTACCCAA-1-WT,kept
GGAATCTAGCAGGCAT-1-WT,kept
GGAATCTTCAGCCTCT-1-WT,kept
GGAATCTTCATCACTT-1-WT,kept
GGAATGGGTTTACCAG-1-WT,kept
GGACGTCGTCCCTGTT-1-WT,kept
GGAGAACAGTACTCGT-1-WT,kept
GGAGAACCACAGTATC-1-WT,kept
GGAGAACGTGTCTTGA-1-WT,kept
GGAGATGAGATTGACA-1-WT,kept
GGAGATGCATCGCTCT-1-WT,kept
GGAGATGGTAGACGGT-1-WT,kept
GGAGATGGTGGACAGT-1-WT,kept
GGAGATGTCGGAAGGT-1-WT,kept
GGAGCAATCGATTTCT-1-WT,kept
GGAGCAATCGCCCAGA-1-WT,kept
GGAGGATAGATGGCAC-1-WT,kept
GGAGGATCACACCTGG-1-WT,kept
GGAGGATCAGGCCTGT-1-WT,kept
GGAGGATGTCTCACAA-1-WT,kept
GGAGGATTCTGTACAG-1-WT,kept
GGAGGTATCCGATTAG-1-WT,kept
GGATCTAAGACGCCAA-1-WT,kept
GGATCTACACGGCCAT-1-WT,kept
GGATCTAGTGAGCAGT-1-WT,kept
GGATCTATCGCGGACT-1-WT,kept
GGATGTTTCAGCTCTC-1-WT,kept
GGCACGTGTTCAATCG-1-WT,kept
GGCAGTCAGCGTATAA-1-WT,kept
GGCGTCAAGCGCTGCT-1-WT,kept
GGCGTCAAGTAATTGG-1-WT,kept
GGCGTCAAGTCATAGA-1-WT,kept
GGCTGTGAGGGTGGGA-1-WT,kept
GGCTGTGAGGTGCTAG-1-WT,kept
GGCTGTGCATTCAGGT-1-WT,kept
GGCTGTGGTTAGAAAC-1-WT,kept
GGCTGTGTCCATATGG-1-WT,kept
GGCTGTGTCCTCGATC-1-WT,kept
GGCTTGGAGAGCCGAT-1-WT,kept
GGCTTGGAGCTCTTCC-1-WT,kept
GGCTTGGGTTTGAAAG-1-WT,kept
GGCTTGGTCGATGCTA-1-WT,kept
GGCTTGGTCTGGGATT-1-WT,kept
GGCTTTCAGGAAAGTG-1-WT,kept
GGCTTTCCAACAGTGG-1-WT,kept
GGCTTTCCAGAGGTTG-1-WT,kept
GGCTTTCTCTAGACAC-1-WT,kept
GGGAAGTAGAGCAACC-1-WT,kept
GGGAAGTCAAGTGGTG-1-WT,kept
GGGAAGTGTATCACCA-1-WT,kept
GGGAAGTTCCTAGAGT-1-WT,kept
GGGACTCAGTGATTCC-1-WT,kept
GGGACTCCAAGCGCAA-1-WT,kept
GGGAGATCAAGAATAC-1-WT,kept
GGGAGTAGTCACTAGT-1-WT,kept
GGGAGTAGTCTTCAAG-1-WT,kept
GGGAGTATCTAACACG-1-WT,kept
GGGATCCAGCTCGCAC-1-WT,kept
GGGATCCTCGGTAAGG-1-WT,kept
GGGATGATCGAAGAAT-1-WT,kept
GGGCCATCAAGTTCCA-1-WT,kept
GGGCCATTCCCAGGCA-1-WT,kept
GGGCCATTCCCGAGGT-1-WT,kept
GGGCTACTCAGGGTAG-1-WT,kept
GGGCTACTCCAAACCA-1-WT,kept
GGGCTACTCCGATAGT-1-WT,kept
GGGCTCATCTTGGTCC-1-WT,kept
GGGTAGAAGACTCCGC-1-WT,kept
GGGTAGAAGAGAGAAC-1-WT,kept
GGGTAGAAGGCTAAAT-1-WT,kept
GGGTAGAGTCGACTGC-1-WT,kept
GGGTAGATCAGCTTGA-1-WT,kept
GGGTATTCAACTCGTA-1-WT,kept
GGGTATTTCTGGCCTT-1-WT,kept
GGGTCACAGGGCGAAG-1-WT,kept
GGGTCACTCCTCAGAA-1-WT,kept
GGGTGAACAGCAGTTT-1-WT,kept
GGGTGAACATATACCG-1-WT,kept
GGGTGTCAGTGAGGTC-1-WT,kept
GGGTGTCGTCCGTTTC-1-WT,kept
GGGTGTCGTGTCCGTG-1-WT,kept
GGGTGTCTCCGTCAAA-1-WT,kept
GGTAACTCAATAGGGC-1-WT,kept
GGTAGAGAGCAGATAT-1-WT,kept
GGTAGAGAGGACTAAT-1-WT,kept
GGTAGAGTCTTTCTAG-1-WT,kept
GGTCACGAGTAATACG-1-WT,kept
GGTCACGAGTTCCAGT-1-WT,kept
GGTCACGGTACCTAAC-1-WT,kept
GGTCACGGTGGTCAAG-1-WT,kept
GGTCTGGCAACTCATG-1-WT,kept
GGTCTGGGTTCGGCCA-1-WT,kept
GGTCTGGGTTCTCAGA-1-WT,kept
GGTCTGGTCTAACGCA-1-WT,kept
GGTGAAGAGCCTGACC-1-WT,kept
GGTGAAGAGCGTTCCG-1-WT,kept
GGTGAAGAGTCCCAGC-1-WT,kept
GGTGAAGCAGACGCTC-1-WT,kept
GGTGAAGTCATGGGAG-1-WT,kept
GGTGAAGTCTAGACCA-1-WT,kept
GGTGATTAGTACCGGA-1-WT,kept
GGTGATTCATTCCTCG-1-WT,kept
GGTGGCTAGGTCCCGT-1-WT,kept
GGTGGCTTCGAGTACT-1-WT,kept
GGTGTCGAGCCTGCCA-1-WT,kept
GGTGTCGAGTTTCTTC-1-WT,kept
GGTGTCGCAGCTACTA-1-WT,kept
GGTGTCGCATCGGAAG-1-WT,kept
GGTGTCGGTCCACGCA-1-WT,kept
GGTGTTAAGGATACAT-1-WT,kept
GGTGTTATCATTCGTT-1-WT,kept
GGTTAACAGGGTTAAT-1-WT,kept
GGTTCTCGTGGCAGAT-1-WT,kept
GGTTGTACATGATAGA-1-WT,kept
GGTTGTAGTTCAATCG-1-WT,kept
GTAACACCAAACAGGC-1-WT,kept
GTAACACCAATGAAAC-1-WT,kept
GTAACACGTTTCGTTT-1-WT,kept
GTAACCACACGACAAG-1-WT,kept
GTAACCAGTTCTCGCT-1-WT,kept
GTAAGTCCACAAAGCG-1-WT,kept
GTAAGTCTCACTTTGT-1-WT,kept
GTAATCGAGCGACTGA-1-WT,kept
GTAATCGCAAGTGGAC-1-WT,kept
GTAATCGCAATACGCT-1-WT,kept
GTAATGCGTACTGCCG-1-WT,kept
GTAATGCTCCTCACCA-1-WT,kept
GTACAACCATTCCTCG-1-WT,kept
GTACAGTAGAGGGTGG-1-WT,kept
GTACAGTAGGAGGCAG-1-WT,kept
GTACAGTCAGGTGACA-1-WT,kept
GTACAGTTCCAGCACG-1-WT,kept
GTAGAAAAGGTATCTC-1-WT,kept
GTAGAAAAGTTGCGCC-1-WT,kept
GTAGAAAGTGCTCTCT-1-WT,kept
GTAGAAATCACTGGTA-1-WT,kept
GTAGAGGTCCCGTGAG-1-WT,kept
GTAGAGGTCTCAACGA-1-WT,kept
GTAGATCCACGTTGGC-1-WT,kept
GTAGATCTCGGTAGAG-1-WT,kept
GTAGCTAAGCCATCCG-1-WT,kept
GTAGCTAAGTCGGCCT-1-WT,kept
GTAGCTACATGCAGGA-1-WT,kept
GTAGGAGAGACTGTTC-1-WT,kept
GTAGGAGCAACTCGTA-1-WT,kept
GTAGGTTCAACCGTGC-1-WT,kept
GTAGGTTCATATGAAG-1-WT,kept
GTAGTACGTGTTCCAA-1-WT,kept
GTAGTACTCCGATGCG-1-WT,kept
GTATTGGGTACCCGCA-1-WT,kept
GTATTGGGTACGATGG-1-WT,kept
GTATTGGGTAGGACCA-1-WT,kept
GTATTGGGTGTAGTGG-1-WT,kept
GTATTGGTCTATCGCC-1-WT,kept
GTCAAACAGACGACGT-1-WT,kept
GTCAAACAGAGCCTGA-1-WT,kept
GTCAAGTCACCAGTAT-1-WT,kept
GTCAAGTGTTCCGTTC-1-WT,kept
GTCACGGAGAACTGAT-1-WT,kept
GTCACTCAGCACTCGC-1-WT,kept
GTCACTCCACACGGAA-1-WT,kept
GTCACTCTCCTAGAGT-1-WT,kept
GTCAGCGAGAACCCGA-1-WT,kept
GTCAGCGCATCGATCA-1-WT,kept
GTCATCCAGGTAGGCT-1-WT,kept
GTCATCCGTACACGCC-1-WT,kept
GTCATTTAGATCGGTG-1-WT,kept
GTCATTTAGTTCTACG-1-WT,kept
GTCATTTCATGCGGTC-1-WT,kept
GTCATTTGTATGATCC-1-WT,kept
GTCATTTGTCGGAAAC-1-WT,kept
GTCATTTGTCTTACTT-1-WT,kept
GTCATTTGTGAGATAT-1-WT,kept
GTCCACTAGAAGAACG-1-WT,kept
GTCCACTCACGGTCTG-1-WT,kept
GTCCCATAGCCGTTAT-1-WT,kept
GTCCTCAGTTGCGGCT-1-WT,kept
GTCCTCAGTTGTTGCA-1-WT,kept
GTCGAATCATGAGAAT-1-WT,kept
GTCGAATGTAGCGCCT-1-WT,kept
GTCGAATGTCCTCCAT-1-WT,kept
GTCGCGACAACACACT-1-WT,kept
GTCGCGACATGAAAGT-1-WT,kept
GTCGCGACATTCGATG-1-WT,kept
GTCGTAAAGCATAGGC-1-WT,kept
GTCGTTCAGGGTCTTT-1-WT,kept
GTCGTTCGTGTTCCTC-1-WT,kept
GTCTACCCAGTCAACT-1-WT,kept
GTCTAGACAAATGATG-1-WT,kept
GTCTAGACACTAGGCC-1-WT,kept
GTCTAGAGTTAAACCC-1-WT,kept
GTCTCACAGGCGATAC-1-WT,kept
GTCTCACCAAATCCCA-1-WT,kept
GTCTGTCAGTCATACC-1-WT,kept
GTCTGTCAGTTGGCGA-1-WT,kept
GTCTGTCGTCGTGTTA-1-WT,kept
GTCTGTCTCGCCAACG-1-WT,kept
GTCTTTAAGAGAGTTT-1-WT,kept
GTCTTTAGTAGCTGAG-1-WT,kept
GTCTTTAGTATCGCTA-1-WT,kept
GTGACGCGTACCGTCG-1-WT,kept
GTGAGCCCAGAGCCCT-1-WT,kept
GTGAGCCTCGCCGAGT-1-WT,kept
GTGAGGAGTATGCGGA-1-WT,kept
GTGAGGAGTGCGTCGT-1-WT,kept
GTGAGTTAGGAGGCAG-1-WT,kept
GTGAGTTCAACAAGTA-1-WT,kept
GTGAGTTCAAGTAGTA-1-WT,kept
GTGATGTAGGACTGGT-1-WT,kept
GTGATGTCAAGTTTGC-1-WT,kept
GTGATGTGTCCAGCCA-1-WT,kept
GTGATGTGTTAGGACG-1-WT,kept
GTGATGTTCTGAACGT-1-WT,kept
GTGCACGCATCTCCCA-1-WT,kept
GTGCGTGAGGTCCCGT-1-WT,kept
GTGCGTGGTCTTACAG-1-WT,kept
GTGCGTGTCGGTCAGC-1-WT,kept
GTGCGTGTCTCTGAGA-1-WT,kept
GTGCTGGAGCGCATCC-1-WT,kept
GTGCTGGTCCAACCGG-1-WT,kept
GTGCTGGTCGTTCATT-1-WT,kept
GTGCTTCTCGTCGACG-1-WT,kept
GTGGAAGAGGATTTGA-1-WT,kept
GTGGAAGCATAGCACT-1-WT,kept
GTGGAAGGTTTGTGGT-1-WT,kept
GTGGAAGTCGTCAACA-1-WT,kept
GTGGAGATCGAACTCA-1-WT,kept
GTGGCGTAGCTCAGAG-1-WT,kept
GTGGCGTCACTTTATC-1-WT,kept
GTGGCGTTCGAGATGG-1-WT,kept
GTGGGAAAGAGGCGTT-1-WT,kept
GTGGGAAGTAGTTCCA-1-WT,kept
GTGGTTAAGCAACAGC-1-WT,kept
GTGTAACAGAAACTGT-1-WT,kept
GTGTCCTAGTTGCTCA-1-WT,kept
GTGTCCTCACCAAAGG-1-WT,kept
GTGTGATCATAGCTGT-1-WT,kept
GTGTGATGTAACCCGC-1-WT,kept
GTGTGATTCGTCAACA-1-WT,kept
GTGTGATTCTCAAAGC-1-WT,kept
GTGTGGCAGCATCCCG-1-WT,kept
GTGTGGCCATCCGTGG-1-WT,kept
GTGTGGCTCGCCGAAC-1-WT,kept
GTGTTAGAGTGTTGTC-1-WT,kept
GTGTTAGGTTGTTGCA-1-WT,kept
GTGTTAGTCAGTCCGG-1-WT,kept
GTGTTAGTCCGTGGCA-1-WT,kept
GTGTTCCAGCATTTGC-1-WT,kept
GTGTTCCAGGCGCTCT-1-WT,kept
GTTACAGCAAAGAACT-1-WT,kept
GTTACAGGTCAACACT-1-WT,kept
GTTACAGTCGCGTGCA-1-WT,kept
GTTACAGTCTCATTGT-1-WT,kept
GTTACCCAGCTGTACT-1-WT,kept
GTTACGAGTTCAATCG-1-WT,kept
GTTAGACCAAGCACAG-1-WT,kept
GTTAGACCAGTTGGTT-1-WT,kept
GTTAGACCATCGCTAA-1-WT,kept
GTTATGGCAAACCATC-1-WT,kept
GTTATGGCACGGCGTT-1-WT,kept
GTTATGGCACTTACAG-1-WT,kept
GTTATGGCATTGAGGG-1-WT,kept
GTTATGGGTAGTGATA-1-WT,kept
GTTCATTGTGGTCCCA-1-WT,kept
GTTCATTTCCCATTTA-1-WT,kept
GTTCCGTCACAGCCAC-1-WT,kept
GTTCCGTGTCGAGTGA-1-WT,kept
GTTCCGTGTGTGTCCG-1-WT,kept
GTTCGCTTCCGTAGGC-1-WT,kept
GTTCGCTTCCGTGGTG-1-WT,kept
GTTCGCTTCGCTTGCT-1-WT,kept
GTTCTATAGCTGTACT-1-WT,kept
GTTCTATAGCTTTCCC-1-WT,kept
GTTCTATGTTCCCAAA-1-WT,kept
GTTGAACAGGTACCTT-1-WT,kept
GTTGAACGTACTCGTA-1-WT,kept
GTTGAACGTTCAGTAC-1-WT,kept
GTTGCTCCATGGACAG-1-WT,kept
GTTGTAGCAGAAGCTG-1-WT,kept
GTTGTAGCAGCTACTA-1-WT,kept
GTTGTCCGTTGGGACA-1-WT,kept
GTTGTGACAGACAAAT-1-WT,kept
GTTTACTAGTCTCGTA-1-WT,kept
GTTTACTCACGACAGA-1-WT,kept
GTTTACTCACTCACTC-1-WT,kept
GTTTACTGTACTCCGG-1-WT,kept
GTTTACTTCCCGAAAT-1-WT,kept
GTTTGGAAGCTATCTG-1-WT,kept
GTTTGGAGTGACATCT-1-WT,kept
GTTTGGATCGATACAC-1-WT,kept
TAACACGCATTACTCT-1-WT,kept
TAACACGGTGGCCACT-1-WT,kept
TAACCAGGTTAGAAGT-1-WT,kept
TAACCAGTCTTGCAGA-1-WT,kept
TAACGACAGCTCATAC-1-WT,kept
TAACGACCACAACATC-1-WT,kept
TAACGACCATCTAGAC-1-WT,kept
TAACTTCGTGCCCGTA-1-WT,kept
TAACTTCTCATCGCTC-1-WT,kept
TAAGCGTCAGGCCCTA-1-WT,kept
TAATCTCAGTTAACGA-1-WT,kept
TAATCTCGTAGATGTA-1-WT,kept
TAATCTCGTCCTACGG-1-WT,kept
TAATTCCTCGGACAAG-1-WT,kept
TACAACGCACATCATG-1-WT,kept
TACAACGCATCATCTT-1-WT,kept
TACACCCCATATTCGG-1-WT,kept
TACACCCGTCGCGTCA-1-WT,kept
TACAGGTAGAACAGGA-1-WT,kept
TACAGGTCAACCGACC-1-WT,kept
TACAGGTGTTGCAAGG-1-WT,kept
TACAGGTTCGTGCGAC-1-WT,kept
TACATTCAGCATAGGC-1-WT,kept
TACATTCAGGCCACTC-1-WT,kept
TACATTCTCGACCAAT-1-WT,kept
TACCCACCACAAACGG-1-WT,kept
TACCCACCAGAATTCC-1-WT,kept
TACCCGTTCACGAACT-1-WT,kept
TACCGAAAGCTGACTT-1-WT,kept
TACCGAAGTTTGACAC-1-WT,kept
TACCGAATCAGCATTG-1-WT,kept
TACCGAATCTCACCCA-1-WT,kept
TACCGGGTCATACGGT-1-WT,kept
TACCTCGGTCATCAGT-1-WT,kept
TACCTCGTCTGCTTTA-1-WT,kept
TACGCTCCAAGAGCTG-1-WT,kept
TACGCTCTCTGGACTA-1-WT,kept
TACGGGCCATCAACCA-1-WT,kept
TACGGGCGTCTAATCG-1-WT,kept
TACGGGCGTGTAGCAG-1-WT,kept
TACGGTACAACGTAAA-1-WT,kept
TACGGTACACCAGTAT-1-WT,kept
TACGTCCAGCGCTGCT-1-WT,kept
TACGTCCCAGAAATTG-1-WT,kept
TACGTCCCAGACACAG-1-WT,kept
TACGTCCTCTCGGTAA-1-WT,kept
TACTGCCAGGAGATAG-1-WT,kept
TACTGCCAGTTTGCTG-1-WT,kept
TACTGCCTCGCGGTAC-1-WT,kept
TACTTACAGTGGAAGA-1-WT,kept
TACTTACCAAGATCCT-1-WT,kept
TACTTCACATGGAACG-1-WT,kept
TACTTCAGTGGGCTTC-1-WT,kept
TACTTGTGTTAAGCAA-1-WT,kept
TACTTGTTCACTGGGC-1-WT,kept
TAGACCACAAGAATAC-1-WT,kept
TAGACTGAGCGGGTAT-1-WT,kept
TAGACTGAGTCATCGT-1-WT,kept
TAGACTGCAAAGTATG-1-WT,kept
TAGACTGGTTTAAGGA-1-WT,kept
TAGAGTCCACTACTTT-1-WT,kept
TAGAGTCTCCGCTGTT-1-WT,kept
TAGATCGAGGTAGCCA-1-WT,kept
TAGATCGAGTAAATGC-1-WT,kept
TAGATCGCACACTTAG-1-WT,kept
TAGATCGCAGAAATTG-1-WT,kept
TAGCACAAGAGCAACC-1-WT,kept
TAGCACACAACCTAAC-1-WT,kept
TAGCACACATGTGCTA-1-WT,kept
TAGCACATCGTTCGCT-1-WT,kept
TAGGAGGCACGAGGAT-1-WT,kept
TAGGAGGGTAGCTTTG-1-WT,kept
TAGGAGGGTTACGGAG-1-WT,kept
TAGGGTTTCCCTTCCC-1-WT,kept
TAGGTACCACCTGAAT-1-WT,kept
TAGGTTGGTACGCTTA-1-WT,kept
TAGGTTGGTGGCCCAT-1-WT,kept
TATACCTGTACCAATC-1-WT,kept
TATATCCCACCATTCC-1-WT,kept
TATATCCGTGGTCCCA-1-WT,kept
TATCCTACAAATGGAT-1-WT,kept
TATCCTATCAACCTTT-1-WT,kept
TATCCTATCTCCATAT-1-WT,kept
TATCGCCCAGGTGACA-1-WT,kept
TATCGCCGTGCATGTT-1-WT,kept
TATCTGTAGATGGTAT-1-WT,kept
TATCTGTCAGCAGAAC-1-WT,kept
TATCTTGTCTAGTACG-1-WT,kept
TATCTTGTCTTCACGC-1-WT,kept
TATGTTCGTGTTATCG-1-WT,kept
TATTGCTAGACTAAGT-1-WT,kept
TATTGCTAGCTCTTCC-1-WT,kept
TATTGGGCAGAGTCTT-1-WT,kept
TATTGGGTCACACCGG-1-WT,kept
TCAAGCACAAAGAACT-1-WT,kept
TCAAGTGAGAAGCTGC-1-WT,kept
TCAAGTGCACTCAAGT-1-WT,kept
TCAAGTGCAGAGTGAC-1-WT,kept
TCAAGTGGTCAAGGCA-1-WT,kept
TCAAGTGTCGAAGAAT-1-WT,kept
TCAAGTGTCTAGGCAT-1-WT,kept
TCAATCTAGGTGCTGA-1-WT,kept
TCAATCTGTCTGTGCG-1-WT,kept
TCAATTCGTTTCCATT-1-WT,kept
TCAATTCTCGTGTGAT-1-WT,kept
TCACAAGGTTTGTGGT-1-WT,kept
TCACAAGTCCTGTTAT-1-WT,kept
TCACACCTCATTACCT-1-WT,kept
TCACGCTGTACACTCA-1-WT,kept
TCACGGGTCCCTTTGG-1-WT,kept
TCACGGGTCGTGTTCC-1-WT,kept
TCACTATAGCCTCCAG-1-WT,kept
TCACTATTCGCCGTGA-1-WT,kept
TCACTCGAGAGAGTTT-1-WT,kept
TCACTCGGTCTCAGGC-1-WT,kept
TCAGCAAAGACTCAAA-1-WT,kept
TCAGCAAGTAACGCGA-1-WT,kept
TCAGCAAGTCCTGGTG-1-WT,kept
TCAGCAATCAAGGACG-1-WT,kept
TCAGCAATCCGAGCTG-1-WT,kept
TCAGCAATCGAACTCA-1-WT,kept
TCAGCAATCTGGGATT-1-WT,kept
TCAGCCTAGTGGTGAC-1-WT,kept
TCAGCCTGTGGCACTC-1-WT,kept
TCAGGTATCACCATAG-1-WT,kept
TCAGTCCAGTGGCGAT-1-WT,kept
TCAGTCCCAACACACT-1-WT,kept
TCAGTCCCACTCCACT-1-WT,kept
TCAGTCCTCCATATGG-1-WT,kept
TCAGTGATCATAGAGA-1-WT,kept
TCAGTGATCTTGCAGA-1-WT,kept
TCAGTTTAGTATAGGT-1-WT,kept
TCAGTTTCACCCTAGG-1-WT,kept
TCAGTTTGTGCGGCTT-1-WT,kept
TCATACTCAAGTCATC-1-WT,kept
TCATACTGTACCTAAC-1-WT,kept
TCATACTGTTCGGCTG-1-WT,kept
TCATCATTCATTGGTG-1-WT,kept
TCATCCGAGGAAAGTG-1-WT,kept
TCATCCGGTAGGTCAG-1-WT,kept
TCATCCGGTGAGCAGT-1-WT,kept
TCATGAGCAATCAAGA-1-WT,kept
TCATGCCAGGATAATC-1-WT,kept
TCATGGAGTAGAGATT-1-WT,kept
TCATGGAGTCAGTCGC-1-WT,kept
TCATGGAGTGCTGTCG-1-WT,kept
TCATGTTCATTGCCGG-1-WT,kept
TCATTACTCACCTCAC-1-WT,kept
TCATTACTCCCACAGG-1-WT,kept
TCATTCACAGAAGTGC-1-WT,kept
TCATTCACATACTTTC-1-WT,kept
TCATTCAGTCTCGGGT-1-WT,kept
TCATTCAGTTACACTG-1-WT,kept
TCATTGTAGCCGAATG-1-WT,kept
TCATTGTGTTCGTAAC-1-WT,kept
TCATTTGTCAAGCTTG-1-WT,kept
TCATTTGTCCCAACTC-1-WT,kept
TCATTTGTCTTAGCTT-1-WT,kept
TCCACCAAGCGGTATG-1-WT,kept
TCCACCAAGTCCGTCG-1-WT,kept
TCCACCACAACAAGTA-1-WT,kept
TCCACCAGTATCTCGA-1-WT,kept
TCCACCAGTGACTATC-1-WT,kept
TCCACGTAGAGGGTAA-1-WT,kept
TCCACGTGTATAATGG-1-WT,kept
TCCAGAATCTAGTTCT-1-WT,kept
TCCATCGAGTGATGGC-1-WT,kept
TCCATCGGTCCTGTTC-1-WT,kept
TCCATGCCAAGGTCTT-1-WT,kept
TCCATGCCATTGAAAG-1-WT,kept
TCCATGCTCCCGAGAC-1-WT,kept
TCCATGCTCCGAACGC-1-WT,kept
TCCCAGTGTGACTCGC-1-WT,kept
TCCCATGCAACAGAGC-1-WT,kept
TCCCATGGTTGTGTTG-1-WT,kept
TCCCATGTCGCTAGCG-1-WT,kept
TCCGAAAAGGCGTTGA-1-WT,kept
TCCGAAAGTGGGCTCT-1-WT,kept
TCCGAAATCGTAGGGA-1-WT,kept
TCCGATCAGAAGGGAT-1-WT,kept
TCCGATCCAACTGCCG-1-WT,kept
TCCGATCGTATAGGGC-1-WT,kept
TCCGTGTTCCGAGTGC-1-WT,kept
TCCGTGTTCTCGCTCA-1-WT,kept
TCCTAATAGTGGTTAA-1-WT,kept
TCCTAATCAAGCTACT-1-WT,kept
TCCTAATGTACGACAG-1-WT,kept
TCCTAATGTCGCATGC-1-WT,kept
TCCTCCCAGCGATGAC-1-WT,kept
TCCTCCCAGCTGAAAT-1-WT,kept
TCCTCCCAGTAGTCTC-1-WT,kept
TCCTCCCCATAGGTAA-1-WT,kept
TCCTCCCTCCACGTGG-1-WT,kept
TCCTCCCTCTGGTGCG-1-WT,kept
TCCTCGAAGCCTTCTC-1-WT,kept
TCCTCGACAACGACAG-1-WT,kept
TCCTCGAGTTCCATTT-1-WT,kept
TCCTCGATCTCGTCAC-1-WT,kept
TCCTCTTCAGTTCCAA-1-WT,kept
TCCTCTTGTCTTCTAT-1-WT,kept
TCCTCTTTCAAATGAG-1-WT,kept
TCCTGCAAGTAAAGCT-1-WT,kept
TCCTGCACACAAATGA-1-WT,kept
TCCTGCAGTGAACTAA-1-WT,kept
TCCTTCTAGTCTGCGC-1-WT,kept
TCCTTCTCAAGCTGTT-1-WT,kept
TCCTTCTGTAGCTCGC-1-WT,kept
TCCTTCTTCATTTGCT-1-WT,kept
TCCTTTCTCGTGCATA-1-WT,kept
TCGAACAAGGTCACAG-1-WT,kept
TCGAACACAAATACAG-1-WT,kept
TCGAAGTAGTTACGAA-1-WT,kept
TCGAAGTCAACTGATC-1-WT,kept
TCGAAGTCAATGTGGG-1-WT,kept
TCGAAGTGTACAGTAA-1-WT,kept
TCGAAGTGTTATTCTC-1-WT,kept
TCGACCTAGCCGTTGC-1-WT,kept
TCGACCTCACAAGCCC-1-WT,kept
TCGACGGAGAGCAGAA-1-WT,kept
TCGACGGTCTCCGAAA-1-WT,kept
TCGATTTGTATAGGAT-1-WT,kept
TCGATTTGTGCCCTTT-1-WT,kept
TCGCAGGAGGATTTGA-1-WT,kept
TCGCAGGAGTACCATC-1-WT,kept
TCGCAGGGTTTACGAC-1-WT,kept
TCGCTCAAGAGAGAAC-1-WT,kept
TCGCTCATCTTGGATG-1-WT,kept
TCGGATAGTGATTGGG-1-WT,kept
TCGGGCACAAGGTCGA-1-WT,kept
TCGGGCATCGTTGTTT-1-WT,kept
TCGGGTGCAGACCATT-1-WT,kept
TCGGGTGGTTGCAACT-1-WT,kept
TCGGTCTAGGACGCAT-1-WT,kept
TCGGTCTAGGTTAAAC-1-WT,kept
TCGGTCTCAGGTTCGC-1-WT,kept
TCGGTCTCATACCAGT-1-WT,kept
TCGTAGAAGCCTTCTC-1-WT,kept
TCGTCCAAGTGGAAGA-1-WT,kept
TCGTCCACAGTCAGTT-1-WT,kept
TCGTCCAGTGCGTTTA-1-WT,kept
TCGTCCAGTGGCATCC-1-WT,kept
TCGTCCAGTTCGTTCC-1-WT,kept
TCGTGCTAGCGCCTCA-1-WT,kept
TCTAACTCACCCAACG-1-WT,kept
TCTAACTGTAGATCCT-1-WT,kept
TCTAACTTCAGCCCAG-1-WT,kept
TCTACATCACTTACAG-1-WT,kept
TCTACCGCAAAGAACT-1-WT,kept
TCTACCGGTCGGAAAC-1-WT,kept
TCTACCGGTCTTCCGT-1-WT,kept
TCTATACAGTGTACCT-1-WT,kept
TCTATACCACGACAAG-1-WT,kept
TCTATACCAGTTGTCA-1-WT,kept
TCTATCAAGACTTCAC-1-WT,kept
TCTATCAAGAGCTGCA-1-WT,kept
TCTATCAGTTGGGCCT-1-WT,kept
TCTCACGAGCGAGTCA-1-WT,kept
TCTCACGAGTTGCTGT-1-WT,kept
TCTCACGCATAAGATG-1-WT,kept
TCTCACGGTCATCAGT-1-WT,kept
TCTCAGCCAACTAGAA-1-WT,kept
TCTCAGCCAAGCCTGC-1-WT,kept
TCTCAGCCATTCTCTA-1-WT,kept
TCTCAGCGTAGCCCTG-1-WT,kept
TCTCAGCGTGACAACG-1-WT,kept
TCTCCGAAGAAGGATG-1-WT,kept
TCTCCGAAGTCTGCAT-1-WT,kept
TCTCCGACAAGGAGTC-1-WT,kept
TCTCCGACACATAGCT-1-WT,kept
TCTCCGACATCGAACT-1-WT,kept
TCTCCGAGTTTAGAGA-1-WT,kept
TCTCTGGAGACGCATG-1-WT,kept
TCTCTGGGTCGAGATG-1-WT,kept
TCTGCCAAGGATGGCT-1-WT,kept
TCTGCCACAACACGAG-1-WT,kept
TCTGGCTAGACGGTCA-1-WT,kept
TCTGGCTAGTTGTCGT-1-WT,kept
TCTGGCTTCTGTCCGT-1-WT,kept
TCTGTCGGTACGCTAT-1-WT,kept
TCTGTCGTCGGTAGGA-1-WT,kept
TCTTCCTAGTCGCTAT-1-WT,kept
TCTTCCTCACGGTGAA-1-WT,kept
TCTTCCTTCTGATTCT-1-WT,kept
TCTTGCGTCATCCTGC-1-WT,kept
TGAACGTCATACTGTG-1-WT,kept
TGAACGTCATTGTCGA-1-WT,kept
TGAATCGAGACCCGCT-1-WT,kept
TGAATGCAGGCCTAGA-1-WT,kept
TGAATGCCATGTGCCG-1-WT,kept
TGAATGCTCAATCCGA-1-WT,kept
TGAATGCTCTTGGAAC-1-WT,kept
TGACAGTAGCAGCCTC-1-WT,kept
TGACAGTCATCCGAAT-1-WT,kept
TGACAGTGTGCATGTT-1-WT,kept
TGACCCTCACAATTCG-1-WT,kept
TGACCCTGTATAGCTC-1-WT,kept
TGACGCGAGACGACTG-1-WT,kept
TGACGCGAGGGTGGGA-1-WT,kept
TGACGCGGTATGAGAT-1-WT,kept
TGACTCCAGGCACTAG-1-WT,kept
TGACTCCCAATCGAAA-1-WT,kept
TGACTCCGTATAGGAT-1-WT,kept
TGACTCCTCCAAGAGG-1-WT,kept
TGAGACTGTACTCGCG-1-WT,kept
TGAGACTGTGAGGAAA-1-WT,kept
TGAGACTGTTGCCAAT-1-WT,kept
TGAGACTTCCCAGGCA-1-WT,kept
TGAGCATAGAATCTAG-1-WT,kept
TGAGCGCGTCTGGTTA-1-WT,kept
TGAGGAGCACACGCCA-1-WT,kept
TGAGGGAGTCAAAGCG-1-WT,kept
TGAGGGAGTGGTACAG-1-WT,kept
TGAGGTTAGGGCTGAT-1-WT,kept
TGAGGTTGTAGAATGT-1-WT,kept
TGAGGTTTCATGCTAG-1-WT,kept
TGATCAGAGGTAGCCA-1-WT,kept
TGATCAGCAGACCTGC-1-WT,kept
TGATCTTCAACAAAGT-1-WT,kept
TGATCTTCAGTCCGTG-1-WT,kept
TGATCTTGTAGAATGT-1-WT,kept
TGATCTTGTCGGTGTC-1-WT,kept
TGATGCAGTCGTACAT-1-WT,kept
TGATGCATCACGGACC-1-WT,kept
TGATGGTAGTGCACTT-1-WT,kept
TGATTCTGTAGCCAGA-1-WT,kept
TGATTTCAGAGCCATG-1-WT,kept
TGATTTCCAGATTCGT-1-WT,kept
TGATTTCGTGTCTTGA-1-WT,kept
TGCACGGGTGCATTTG-1-WT,kept
TGCACGGTCCCGTGTT-1-WT,kept
TGCAGATAGTCAGGGT-1-WT,kept
TGCAGATCAAGCGGAT-1-WT,kept
TGCAGATGTACAGGTG-1-WT,kept
TGCAGATTCACACGAT-1-WT,kept
TGCAGATTCAGGTAAA-1-WT,kept
TGCAGGCAGGCATTTC-1-WT,kept
TGCAGGCGTACGACTT-1-WT,kept
TGCATCCAGATGGTAT-1-WT,kept
TGCATCCCACGTCGGT-1-WT,kept
TGCATCCGTCGAGTTT-1-WT,kept
TGCATGAAGGTACATA-1-WT,kept
TGCATGAGTCTGTGTA-1-WT,kept
TGCCGAGAGGAATGTT-1-WT,kept
TGCCGAGCACTGAGGA-1-WT,kept
TGCCGAGGTTTAGAGA-1-WT,kept
TGCCGAGTCCATTGCC-1-WT,kept
TGCGACGAGCTAGAGC-1-WT,kept
TGCGACGCACGGCCAT-1-WT,kept
TGCGACGTCCAACCGG-1-WT,kept
TGCGATAAGAGCTGCA-1-WT,kept
TGCGATATCCAAGCAT-1-WT,kept
TGCGATATCCTAGCCT-1-WT,kept
TGCGGCAAGGGATCAC-1-WT,kept
TGCGGCAGTCGTCTCT-1-WT,kept
TGCGGCAGTTACAGCT-1-WT,kept
TGCGGGTAGCCATATC-1-WT,kept
TGCGGGTCAACCACAT-1-WT,kept
TGCGGGTTCTCACTCG-1-WT,kept
TGCTCCACATGAAGGC-1-WT,kept
TGCTCGTAGGGCAATC-1-WT,kept
TGCTCGTGTGTAGCAG-1-WT,kept
TGCTGAAGTACATTGC-1-WT,kept
TGCTGAATCAATCAGC-1-WT,kept
TGCTTCGAGCTTTCCC-1-WT,kept
TGCTTCGTCCAGTGCG-1-WT,kept
TGCTTGCAGGGATCGT-1-WT,kept
TGCTTGCAGGGCTGAT-1-WT,kept
TGCTTGCGTGAGATCG-1-WT,kept
TGCTTGCTCAATCTTC-1-WT,kept
TGGAGAGAGTTTGAGA-1-WT,kept
TGGAGAGGTGTCACAT-1-WT,kept
TGGATGTCATGTTCAG-1-WT,kept
TGGATGTGTAACGATA-1-WT,kept
TGGATGTGTCGACTTA-1-WT,kept
TGGCGTGTCATTGGTG-1-WT,kept
TGGGAGAGTGCATGTT-1-WT,kept
TGGGATTGTTCTCCTG-1-WT,kept
TGGGATTTCGTCTAAG-1-WT,kept
TGGGATTTCTGCGGCA-1-WT,kept
TGGGCGTCAATGTTGC-1-WT,kept
TGGGCGTCAGATCACT-1-WT,kept
TGGGCGTGTCCAGCGT-1-WT,kept
TGGGCTGAGCCAGACA-1-WT,kept
TGGGCTGAGGGTAGCT-1-WT,kept
TGGGCTGGTAGACTGG-1-WT,kept
TGGGTTACACACAGCC-1-WT,kept
TGGGTTACACCGGTCA-1-WT,kept
TGGTACACAAACCATC-1-WT,kept
TGGTAGTAGGCGTCCT-1-WT,kept
TGGTAGTCAGGACGAT-1-WT,kept
TGGTGATGTCCATCTC-1-WT,kept
TGGTTAGAGTTGTAAG-1-WT,kept
TGGTTAGTCAAGCTGT-1-WT,kept
TGTAACGCACCAGTAT-1-WT,kept
TGTAACGTCGGCATAT-1-WT,kept
TGTACAGTCCGGACGT-1-WT,kept
TGTACAGTCTATACGG-1-WT,kept
TGTAGACCACGTCGGT-1-WT,kept
TGTCAGAAGTGGTTAA-1-WT,kept
TGTCAGACAACCGACC-1-WT,kept
TGTCAGATCTAGTTCT-1-WT,kept
TGTCAGATCTGGGCAC-1-WT,kept
TGTCCACAGAATTGCA-1-WT,kept
TGTCCCACATCTCATT-1-WT,kept
TGTCCCAGTCTGTAGT-1-WT,kept
TGTCCTGAGAGCCCAA-1-WT,kept
TGTCCTGGTAAGAACT-1-WT,kept
TGTCCTGTCCGAAATC-1-WT,kept
TGTGAGTAGTAATACG-1-WT,kept
TGTGAGTTCCTTGAAG-1-WT,kept
TGTGCGGAGGTGCCTC-1-WT,kept
TGTGCGGTCCTACCAC-1-WT,kept
TGTGCGGTCTGTGCAA-1-WT,kept
TGTTACTAGTTGCTGT-1-WT,kept
TGTTACTGTGCAAGAC-1-WT,kept
TGTTCATAGCTTCGTA-1-WT,kept
TGTTCATAGGTTACCT-1-WT,kept
TGTTCATCACCGTCTT-1-WT,kept
TGTTCCGAGCGCTGAA-1-WT,kept
TGTTCCGCAAAGGTTA-1-WT,kept
TGTTCCGCAATCGCGC-1-WT,kept
TGTTCTAGTTCGAAGG-1-WT,kept
TGTTCTATCTTCTGTA-1-WT,kept
TGTTGAGCACCTCTAC-1-WT,kept
TGTTGAGGTACGTAGG-1-WT,kept
TGTTGAGGTGAAGCGT-1-WT,kept
TGTTGGACAAGACTGG-1-WT,kept
TGTTGGATCATGTCTT-1-WT,kept
TGTTTGTAGCGCTGCT-1-WT,kept
TGTTTGTCAATGGCAG-1-WT,kept
TGTTTGTCAGTGGGTA-1-WT,kept
TGTTTGTTCTAGCCTC-1-WT,kept
TTACAGGGTCAACACT-1-WT,kept
TTACCATTCCCTATTA-1-WT,kept
TTACCATTCGCCGTGA-1-WT,kept
TTACCATTCGGACAAG-1-WT,kept
TTACCGCCATGGAATA-1-WT,kept
TTACGCCTCAGCATTG-1-WT,kept
TTACGCCTCATTGTGG-1-WT,kept
TTACGCCTCTTTACAC-1-WT,kept
TTACGTTAGCAATTAG-1-WT,kept
TTACGTTAGGGCGAAG-1-WT,kept
TTACGTTCACCTTCCA-1-WT,kept
TTACTGTAGTTCAACC-1-WT,kept
TTACTGTGTACCAGAG-1-WT,kept
TTACTGTTCGACTCCT-1-WT,kept
TTACTGTTCGCTTACC-1-WT,kept
TTAGGCACACTGTGTA-1-WT,kept
TTAGGCACAGGGATAC-1-WT,kept
TTAGGCACAGTGACCC-1-WT,kept
TTAGGCACATCATCTT-1-WT,kept
TTAGGCATCCGAGCTG-1-WT,kept
TTAGGGTAGTCATACC-1-WT,kept
TTAGGGTTCCTCAGGG-1-WT,kept
TTAGGGTTCGTCGCTT-1-WT,kept
TTAGGGTTCTCCGAGG-1-WT,kept
TTAGTCTCATGGCGCT-1-WT,kept
TTATTGCAGAAACCCG-1-WT,kept
TTATTGCCACGGATCC-1-WT,kept
TTATTGCTCGGTGTTA-1-WT,kept
TTCAATCGTATGCGGA-1-WT,kept
TTCACGCCAGGTTACT-1-WT,kept
TTCACGCCAGTTAGAA-1-WT,kept
TTCACGCTCATCGACA-1-WT,kept
TTCACGCTCCCTCGTA-1-WT,kept
TTCAGGAAGAGAGGTA-1-WT,kept
TTCAGGAAGTCAGAGC-1-WT,kept
TTCAGGACAGTAACAA-1-WT,kept
TTCAGGAGTCGAAACG-1-WT,kept
TTCATGTGTAACACGG-1-WT,kept
TTCATGTTCACGGAGA-1-WT,kept
TTCATGTTCCGTGTAA-1-WT,kept
TTCATTGGTACTCGCG-1-WT,kept
TTCATTGGTCCGGCAT-1-WT,kept
TTCATTGGTGCCCACA-1-WT,kept
TTCATTGGTTCCGCGA-1-WT,kept
TTCATTGTCTGAGATC-1-WT,kept
TTCCAATAGGTGCTTT-1-WT,kept
TTCCAATCAAGCTGTT-1-WT,kept
TTCCAATCATAGGTTC-1-WT,kept
TTCCAATTCGGATACT-1-WT,kept
TTCCACGAGGCTAGCA-1-WT,kept
TTCCACGAGGTGCGAT-1-WT,kept
TTCCACGCACTGAATC-1-WT,kept
TTCCGGTGTATACGGG-1-WT,kept
TTCCGTGAGAAGGATG-1-WT,kept
TTCCGTGAGTATGAGT-1-WT,kept
TTCCGTGCAATCAGCT-1-WT,kept
TTCCGTGCACTACGGC-1-WT,kept
TTCCTAATCTCTCCGA-1-WT,kept
TTCCTCTAGCATCCCG-1-WT,kept
TTCCTCTGTATAGGGC-1-WT,kept
TTCCTCTTCACGAACT-1-WT,kept
TTCCTTCAGCTGCGAA-1-WT,kept
TTCCTTCCAACTCCAA-1-WT,kept
TTCCTTCGTAGACGGT-1-WT,kept
TTCCTTCGTATCGCTA-1-WT,kept
TTCCTTCTCCTAGCGG-1-WT,kept
TTCCTTCTCTTAGCCC-1-WT,kept
TTCGATTAGACTTAAG-1-WT,kept
TTCGATTCAGGCATGA-1-WT,kept
TTCGATTTCTAGTCAG-1-WT,kept
TTCGCTGGTCCAGTTA-1-WT,kept
TTCGCTGTCACCTCGT-1-WT,kept
TTCGGTCAGGCGTTAG-1-WT,kept
TTCGGTCGTATGAAGT-1-WT,kept
TTCTAACCAATAACCC-1-WT,kept
TTCTAACCACTTCAAG-1-WT,kept
TTCTAACCAGGTTCAT-1-WT,kept
TTCTAGTAGACGACGT-1-WT,kept
TTCTAGTCACAACCGC-1-WT,kept
TTCTAGTCAGTATGAA-1-WT,kept
TTCTAGTTCGGTCGGT-1-WT,kept
TTCTAGTTCTACTCAT-1-WT,kept
TTCTTCCCATATGCGT-1-WT,kept
TTCTTGAGTTCCTAGA-1-WT,kept
TTGAACGGTTCCATTT-1-WT,kept
TTGACCCTCTGTACAG-1-WT,kept
TTGAGTGGTACGTGTT-1-WT,kept
TTGAGTGTCCAGTACA-1-WT,kept
TTGATGGCAAGAGGTC-1-WT,kept
TTGATGGCATCAACCA-1-WT,kept
TTGATGGTCTAAACGC-1-WT,kept
TTGCATTAGGCTTTCA-1-WT,kept
TTGCCTGAGCTGTTCA-1-WT,kept
TTGCCTGTCGTTCAGA-1-WT,kept
TTGCCTGTCTGGTGGC-1-WT,kept
TTGCGTCCACCAGGTC-1-WT,kept
TTGCGTCGTATAATGG-1-WT,kept
TTGCGTCTCTCTGCCA-1-WT,kept
TTGCTGCAGATGGGCT-1-WT,kept
TTGCTGCGTTGTATGC-1-WT,kept
TTGGATGCACTCTGCT-1-WT,kept
TTGGGATGTAGACAAT-1-WT,kept
TTGGGATGTCTACGAT-1-WT,kept
TTGGGATGTGCGCTCA-1-WT,kept
TTGGGCGAGTCGCGAA-1-WT,kept
TTGGGCGGTATCGAAA-1-WT,kept
TTGGGTAAGCTCGCAC-1-WT,kept
TTGGGTACAATGAGCG-1-WT,kept
TTGGGTAGTTGGGTTT-1-WT,kept
TTGGTTTCAGAGATGC-1-WT,kept
TTGTGGAAGGTAGCAC-1-WT,kept
TTGTGGACAACTTGCA-1-WT,kept
TTGTGGAGTTCTCAGA-1-WT,kept
TTGTGTTGTACGTACT-1-WT,kept
TTGTTCAAGGGTGAAA-1-WT,kept
TTGTTCACAGAGTTCT-1-WT,kept
TTGTTCACAGGATGAC-1-WT,kept
TTGTTCAGTTTATGCG-1-WT,kept
TTGTTGTAGACTACCT-1-WT,kept
TTGTTGTAGCTGCCTG-1-WT,kept
TTGTTGTGTCACAGAG-1-WT,kept
TTGTTTGAGCCAAGCA-1-WT,kept
TTGTTTGAGGACAGCT-1-WT,kept
TTTACGTTCTGTTCAT-1-WT,kept
TTTACTGAGCACTGGA-1-WT,kept
TTTACTGAGTATGACA-1-WT,kept
TTTACTGTCCGCACTT-1-WT,kept
TTTAGTCCAAGACCTT-1-WT,kept
TTTATGCAGGCGCTCT-1-WT,kept
TTTATGCCACAGCTGC-1-WT,kept
TTTATGCTCTGCTAGA-1-WT,kept
TTTCACACACCGTACG-1-WT,kept
TTTCAGTTCCGGGACT-1-WT,kept
TTTCAGTTCGACGCGT-1-WT,kept
TTTCATGCAACGCATT-1-WT,kept
TTTCATGCAATGGGTG-1-WT,kept
TTTCATGGTACGTGAG-1-WT,kept
TTTCATGGTTGCGTAT-1-WT,kept
TTTCCTCGTGATTGGG-1-WT,kept
TTTCGATGTCACGTGC-1-WT,kept
TTTCGATGTCCTCCAT-1-WT,kept
TTTGACTAGAGTGGCT-1-WT,kept
TTTGATCTCGATTGAC-1-WT,kept
TTTGGAGGTTAGTCGT-1-WT,kept
TTTGGTTAGTACAACA-1-WT,kept
TTTGGTTCAGGTTACT-1-WT,kept
TTTGGTTTCAAAGCCT-1-WT,kept
TTTGTTGAGTGTTCCA-1-WT,kept
TTTGTTGGTACGTTCA-1-WT,kept
AAACCCAGTAAGAACT-1-mutant,kept
AAACGCTAGGAGCTGT-1-mutant,kept
AAAGAACAGGGAGATA-1-mutant,kept
AAAGAACGTTCCACAA-1-mutant,kept
AAAGGATAGTACGTCT-1-mutant,kept
AAAGGATCACACAGAG-1-mutant,kept
AAAGGATGTGCCTGAC-1-mutant,kept
AAAGGGCCAATTTCCT-1-mutant,kept
AAAGGGCGTCAATCTG-1-mutant,kept
AAAGGTACAAGAGATT-1-mutant,kept
AAAGGTACATACCGTA-1-mutant,kept
AAAGTCCGTTATGTCG-1-mutant,kept
AAAGTCCTCATTCTTG-1-mutant,kept
AAAGTGAAGGAACGTC-1-mutant,kept
AAAGTGAGTATTGCCA-1-mutant,kept
AAATGGAGTGAGTGAC-1-mutant,kept
AACAAAGGTATTCCTT-1-mutant,kept
AACAAAGTCACTTCTA-1-mutant,kept
AACAACCCAACGTAAA-1-mutant,kept
AACAAGAGTACATTGC-1-mutant,kept
AACAAGAGTACGTGTT-1-mutant,kept
AACAAGATCCTATGGA-1-mutant,kept
AACAGGGGTCCGGCAT-1-mutant,kept
AACCAACAGCCTTTGA-1-mutant,kept
AACCACAAGCTCTATG-1-mutant,kept
AACCACAAGGCAGGGA-1-mutant,kept
AACCACAAGTCGCGAA-1-mutant,kept
AACCACACAGTTCTAG-1-mutant,kept
AACCATGAGTGCTACT-1-mutant,kept
AACCATGCAGCTGTGC-1-mutant,kept
AACCCAATCTGTGCGG-1-mutant,kept
AACCTGAAGCAGGGAG-1-mutant,kept
AACCTGATCCGCAAAT-1-mutant,kept
AACCTTTTCACTAGCA-1-mutant,kept
AACCTTTTCTGAGCAT-1-mutant,kept
AACGAAAAGCATAGGC-1-mutant,kept
AACGAAAAGCTCGTGC-1-mutant,kept
AACGAAACAGATCACT-1-mutant,kept
AACGGGAAGCGAGTAC-1-mutant,kept
AACGGGACAGAGAATT-1-mutant,kept
AACGGGAGTGTGCTTA-1-mutant,kept
AACTTCTCAGTAGAGC-1-mutant,kept
AACTTCTTCATTACCT-1-mutant,kept
AACTTCTTCTATCCAT-1-mutant,kept
AAGACAACAACAAAGT-1-mutant,kept
AAGACAATCCATCGTC-1-mutant,kept
AAGACTCAGTAAACAC-1-mutant,kept
AAGATAGCACAATTCG-1-mutant,kept
AAGATAGCAGAATCGG-1-mutant,kept
AAGATAGCATGACACT-1-mutant,kept
AAGATAGTCACGTCCT-1-mutant,kept
AAGATAGTCTGCGTCT-1-mutant,kept
AAGCGAGTCACGTCCT-1-mutant,kept
AAGCGTTGTAAGTTAG-1-mutant,kept
AAGCGTTTCCGTGGTG-1-mutant,kept
AAGGAATCAGGCATGA-1-mutant,kept
AAGGTAAAGAGGCTGT-1-mutant,kept
AAGGTAAAGCCTTGAT-1-mutant,kept
AAGTACCAGACAAGCC-1-mutant,kept
AAGTACCAGATCGCTT-1-mutant,kept
AAGTACCAGTCATGCT-1-mutant,kept
AAGTACCCAGTCTACA-1-mutant,kept
AAGTACCTCGTCGACG-1-mutant,kept
AAGTCGTGTCATACCA-1-mutant,kept
AAGTGAAAGGAAAGGT-1-mutant,kept
AAGTTCGAGGTACAAT-1-mutant,kept
AAGTTCGTCTTAGGAC-1-mutant,kept
AATAGAGGTTACGCCG-1-mutant,kept
AATCGACCAACACAAA-1-mutant,kept
AATCGACCATCCGAGC-1-mutant,kept
AATCGACGTGGCTTAT-1-mutant,kept
AATCGACTCCAGCACG-1-mutant,kept
AATCGTGCACACGCCA-1-mutant,kept
AATCGTGGTTGCCTAA-1-mutant,kept
AATGAAGTCTACGCGG-1-mutant,kept
AATGGAAAGGTACCTT-1-mutant,kept
AATTCCTGTTACACAC-1-mutant,kept
AATTTCCCACAAGTGG-1-mutant,kept
AATTTCCGTCCTTTGC-1-mutant,kept
AATTTCCGTTTCACTT-1-mutant,kept
ACAAAGAAGGAAAGGT-1-mutant,kept
ACAAAGAGTCCAATCA-1-mutant,kept
ACAAAGAGTTAGGCCC-1-mutant,kept
ACAAGCTAGACTTCCA-1-mutant,kept
ACACAGTCAGTCAGCC-1-mutant,kept
ACACAGTCATGCCGCA-1-mutant,kept
ACACCAACAGTGGCTC-1-mutant,kept
ACACCAACATTCTCCG-1-mutant,kept
ACACCAATCCGTCACT-1-mutant,kept
ACAGAAAAGAAAGTCT-1-mutant,kept
ACAGAAATCGGATTAC-1-mutant,kept
ACAGCCGTCTACTATC-1-mutant,kept
ACAGGGAAGAATCGCG-1-mutant,kept
ACATCCCAGAGGCGTT-1-mutant,kept
ACATCCCTCTCTAGGA-1-mutant,kept
ACATCGAAGTAGGCCA-1-mutant,kept
ACATCGATCGCAACAT-1-mutant,kept
ACATGCAAGCGAGAAA-1-mutant,kept
ACATGCAGTACCACGC-1-mutant,kept
ACATGCATCTAGCAAC-1-mutant,kept
ACATTTCAGGTCGTAG-1-mutant,kept
ACATTTCGTGACTGAG-1-mutant,kept
ACATTTCTCGGAAGGT-1-mutant,kept
ACCAAACCACAGAGCA-1-mutant,kept
ACCAACAGTCTCGACG-1-mutant,kept
ACCAACAGTTACGCCG-1-mutant,kept
ACCACAAAGGGAGAAT-1-mutant,kept
ACCACAAGTGATGAAT-1-mutant,kept
ACCACAATCCTACCGT-1-mutant,kept
ACCATTTGTTTATGCG-1-mutant,kept
ACCCAAATCATAGACC-1-mutant,kept
ACCCAAATCTCCGAGG-1-mutant,kept
ACCCTTGAGATGTTGA-1-mutant,kept
ACCCTTGAGTTCGGTT-1-mutant,kept
ACCCTTGCATGTAACC-1-mutant,kept
ACCGTTCCAACTGAAA-1-mutant,kept
ACCGTTCTCTCAACGA-1-mutant,kept
ACCGTTCTCTCGACGG-1-mutant,kept
ACCTACCCAGCGTTGC-1-mutant,kept
ACCTACCCATTGTGCA-1-mutant,kept
ACCTACCTCGACCAAT-1-mutant,kept
ACCTGAAAGTCGTCTA-1-mutant,kept
ACCTGAACAAACTAGA-1-mutant,kept
ACCTGTCAGCAAATGT-1-mutant,kept
ACCTGTCCATCCTTGC-1-mutant,kept
ACCTGTCTCGTTCTCG-1-mutant,kept
ACGATGTCATCACAGT-1-mutant,kept
ACGCACGAGGAAAGAC-1-mutant,kept
ACGGAAGCAAAGGAGA-1-mutant,kept
ACGGAAGTCATAAGGA-1-mutant,kept
ACGGTCGCAACTGCCG-1-mutant,kept
ACGTAACCAGGTCAGA-1-mutant,kept
ACGTAACGTGATCGTT-1-mutant,kept
ACGTAACGTGTCATTG-1-mutant,kept
ACGTAGTGTTTCCATT-1-mutant,kept
ACGTCCTTCGCGTGAC-1-mutant,kept
ACGTTCCTCGTAGTGT-1-mutant,kept
ACTACGAAGGCCGCTT-1-mutant,kept
ACTACGACAAATTGCC-1-mutant,kept
ACTACGATCGACACCG-1-mutant,kept
ACTACGATCGGTAGGA-1-mutant,kept
ACTATGGTCTAGTACG-1-mutant,kept
ACTATTCAGCATGTTC-1-mutant,kept
ACTATTCTCTCCCAAC-1-mutant,kept
ACTGATGCAAGTGCAG-1-mutant,kept
ACTGATGCAGACCCGT-1-mutant,kept
ACTGATGCATGTTACG-1-mutant,kept
ACTGCAAGTACGACAG-1-mutant,kept
ACTGTCCAGCCTAGGA-1-mutant,kept
ACTGTGACAAGGATGC-1-mutant,kept
ACTGTGACAGCGGATA-1-mutant,kept
ACTGTGATCGTCGATA-1-mutant,kept
ACTTATCAGTTGTCAC-1-mutant,kept
ACTTATCTCACGAGGA-1-mutant,kept
ACTTCGCCATGCCGCA-1-mutant,kept
AGAACAACATTGCCTC-1-mutant,kept
AGAACCTCAGTTTCAG-1-mutant,kept
AGAAGTAAGGCGACAT-1-mutant,kept
AGAAGTACACATACGT-1-mutant,kept
AGACAAACATGAGGGT-1-mutant,kept
AGACAAATCCTCAGGG-1-mutant,kept
AGACACTCAACTCCAA-1-mutant,kept
AGACACTCATTACTCT-1-mutant,kept
AGACAGGCAGATCACT-1-mutant,kept
AGACAGGGTCCCAAAT-1-mutant,kept
AGACCATAGGGCAGGA-1-mutant,kept
AGACCATTCGCCTTGT-1-mutant,kept
AGACCCGAGGTGATCG-1-mutant,kept
AGACCCGGTCATATGC-1-mutant,kept
AGAGAATTCATGGCCG-1-mutant,kept
AGAGAGCAGACGGAAA-1-mutant,kept
AGAGAGCCAAGTATCC-1-mutant,kept
AGAGAGCTCGGCAGTC-1-mutant,kept
AGAGCAGGTAGGTTTC-1-mutant,kept
AGAGCCCAGGCTCCCA-1-mutant,kept
AGAGCCCAGTCTGCGC-1-mutant,kept
AGAGCCCTCGAAGTGG-1-mutant,kept
AGATCCAGTAAGGCCA-1-mutant,kept
AGATCCAGTGCAATAA-1-mutant,kept
AGATCGTAGGTCCAGA-1-mutant,kept
AGATCGTAGTCGAGGT-1-mutant,kept
AGATCGTCAGCGCTTG-1-mutant,kept
AGATGAACAGACGATG-1-mutant,kept
AGATGAACATGGTACT-1-mutant,kept
AGATGAAGTCTAATCG-1-mutant,kept
AGATGAAGTTGGGATG-1-mutant,kept
AGATGCTCATCCTTGC-1-mutant,kept
AGATGCTGTCGTACAT-1-mutant,kept
AGATGCTGTTAGGACG-1-mutant,kept
AGATGCTGTTTCGGCG-1-mutant,kept
AGATGCTTCTTCTCAA-1-mutant,kept
AGCATCAAGTTCGGTT-1-mutant,kept
AGCATCAGTGATGAAT-1-mutant,kept
AGCCAGCCATCCAATG-1-mutant,kept
AGCGATTCAAGAGAGA-1-mutant,kept
AGCGCCAAGCCAACCC-1-mutant,kept
AGCGCCAAGGCTATCT-1-mutant,kept
AGCGCCAGTATGCGGA-1-mutant,kept
AGCGCCATCCGTGCGA-1-mutant,kept
AGCGCTGCAGCTCGGT-1-mutant,kept
AGCGTCGCACAAAGTA-1-mutant,kept
AGCGTCGTCGGTCAGC-1-mutant,kept
AGCTACAAGATGTTAG-1-mutant,kept
AGCTCAACACCGTCTT-1-mutant,kept
AGCTCAACAGGCATGA-1-mutant,kept
AGCTCAAGTCCGACGT-1-mutant,kept
AGCTCAATCGCATTAG-1-mutant,kept
AGCTTCCGTTCGTACA-1-mutant,kept
AGGAAATAGCTCCATA-1-mutant,kept
AGGAATACAATTGCTG-1-mutant,kept
AGGACTTCAGGTGAGT-1-mutant,kept
AGGATCTTCAGGAAAT-1-mutant,kept
AGGCATTTCAACCGAT-1-mutant,kept
AGGCCACAGACGAGCT-1-mutant,kept
AGGCCACCATGGGTCC-1-mutant,kept
AGGCCACTCAACTTTC-1-mutant,kept
AGGGAGTTCTACGGTA-1-mutant,kept
AGGGCCTAGCCATTCA-1-mutant,kept
AGGGCCTCACAAGCTT-1-mutant,kept
AGGGCCTGTACGTGTT-1-mutant,kept
AGGGCTCTCGCAATGT-1-mutant,kept
AGGGTGAGTATCCTTT-1-mutant,kept
AGGGTGAGTGGATGAC-1-mutant,kept
AGGGTGATCTCCACTG-1-mutant,kept
AGGGTTTGTATCGTGT-1-mutant,kept
AGGGTTTTCACTCTTA-1-mutant,kept
AGGTCATAGGCACCAA-1-mutant,kept
AGGTCATCAAGAGCTG-1-mutant,kept
AGGTCATTCGTTCAGA-1-mutant,kept
AGGTCTAAGAGCGACT-1-mutant,kept
AGGTCTAAGGTTTGAA-1-mutant,kept
AGGTGTTCACAACATC-1-mutant,kept
AGGTTGTCATTCGATG-1-mutant,kept
AGGTTGTGTCCTGTTC-1-mutant,kept
AGTAACCCAACTGAAA-1-mutant,kept
AGTAACCCACATATGC-1-mutant,kept
AGTACCACAAGTGACG-1-mutant,kept
AGTACCAGTCCCTCAT-1-mutant,kept
AGTACCAGTGGGTCAA-1-mutant,kept
AGTACTGCACATGAAA-1-mutant,kept
AGTACTGCATATCTGG-1-mutant,kept
AGTACTGTCAGATTGC-1-mutant,kept
AGTACTGTCTGTGCAA-1-mutant,kept
AGTAGTCTCAAGTCTG-1-mutant,kept
AGTAGTCTCCTCGCAT-1-mutant,kept
AGTCACACAAGACAAT-1-mutant,kept
AGTCACATCCTGGTCT-1-mutant,kept
AGTCATGGTACTCCCT-1-mutant,kept
AGTCATGTCGAGCTGC-1-mutant,kept
AGTGACTAGGTTCTAC-1-mutant,kept
AGTGACTTCAGATGCT-1-mutant,kept
AGTGTTGCAAGATGTA-1-mutant,kept
AGTGTTGCAGTCGCAC-1-mutant,kept
AGTGTTGGTATGTGTC-1-mutant,kept
AGTGTTGGTGGGAGAG-1-mutant,kept
AGTTAGCGTCTCTCAC-1-mutant,kept
AGTTAGCTCTCCTGCA-1-mutant,kept
AGTTCGAAGGCTGGAT-1-mutant,kept
AGTTCGATCATTACCT-1-mutant,kept
ATACCGAGTACAACGG-1-mutant,kept
ATACCGAGTCGGCTAC-1-mutant,kept
ATACCTTCAAATTGCC-1-mutant,kept
ATACTTCTCGCATTGA-1-mutant,kept
ATAGACCCACGTAGAG-1-mutant,kept
ATAGAGAAGAACAGGA-1-mutant,kept
ATAGAGACATCCTATT-1-mutant,kept
ATAGGCTGTATTTCTC-1-mutant,kept
ATAGGCTTCTGCATAG-1-mutant,kept
ATATCCTAGTAAGAGG-1-mutant,kept
ATATCCTCAAGGTACG-1-mutant,kept
ATCACAGTCCACTTTA-1-mutant,kept
ATCACGAGTGAGCGAT-1-mutant,kept
ATCACGATCTCCTGAC-1-mutant,kept
ATCACTTAGCTAGCCC-1-mutant,kept
ATCACTTAGTTACGGG-1-mutant,kept
ATCAGGTTCTTGCAAG-1-mutant,kept
ATCATTCAGCCTATTG-1-mutant,kept
ATCATTCAGCTAATCC-1-mutant,kept
ATCATTCAGGTGGGTT-1-mutant,kept
ATCATTCTCAGGCGAA-1-mutant,kept
ATCATTCTCGACATCA-1-mutant,kept
ATCCATTCATAGAGGC-1-mutant,kept
ATCCATTTCACCTGGG-1-mutant,kept
ATCCCTGCATTCACCC-1-mutant,kept
ATCCTATAGTGCTCGC-1-mutant,kept
ATCCTATCAAATCCCA-1-mutant,kept
ATCGATGGTCACTTAG-1-mutant,kept
ATCGATGGTTCCTAGA-1-mutant,kept
ATCGCCTGTCGTGTTA-1-mutant,kept
ATCGGCGCACCTTCCA-1-mutant,kept
ATCGTAGAGGTTGGTG-1-mutant,kept
ATCGTAGCACTTGGGC-1-mutant,kept
ATCGTAGGTGGAAGTC-1-mutant,kept
ATCGTCCAGCAGAAAG-1-mutant,kept
ATCGTCCGTCCACTCT-1-mutant,kept
ATCGTGAGTACCACGC-1-mutant,kept
ATCGTGATCGTTCGCT-1-mutant,kept
ATCTCTACATTCAGGT-1-mutant,kept
ATCTCTAGTCGATGCC-1-mutant,kept
ATCTCTAGTGGCCCAT-1-mutant,kept
ATGAAAGAGCTTCATG-1-mutant,kept
ATGAAAGTCTTAAGGC-1-mutant,kept
ATGACCACAGCCATTA-1-mutant,kept
ATGACCATCAGTCCGG-1-mutant,kept
ATGAGGGAGGTTTGAA-1-mutant,kept
ATGAGGGGTTCTCACC-1-mutant,kept
ATGAGTCGTTTGATCG-1-mutant,kept
ATGAGTCTCGGAATGG-1-mutant,kept
ATGAGTCTCGTAACTG-1-mutant,kept
ATGATCGTCACTTGTT-1-mutant,kept
ATGCCTCCATTGACTG-1-mutant,kept
ATGCGATGTCATCTAG-1-mutant,kept
ATGGAGGAGCAATTAG-1-mutant,kept
ATGGAGGCATACAGGG-1-mutant,kept
ATGGAGGGTTGTTGTG-1-mutant,kept
ATGGGAGTCGGCCCAA-1-mutant,kept
ATGGGTTGTGCGTTTA-1-mutant,kept
ATGGTTGAGGGCAGTT-1-mutant,kept
ATGGTTGCATCCTTGC-1-mutant,kept
ATGTCCCGTCCTGTCT-1-mutant,kept
ATGTCTTTCGTAGGGA-1-mutant,kept
ATTACCTCAACCCTCT-1-mutant,kept
ATTACCTGTCGTGTTA-1-mutant,kept
ATTACCTGTTTGGCTA-1-mutant,kept
ATTACTCTCTGGGTCG-1-mutant,kept
ATTATCCGTTGGGATG-1-mutant,kept
ATTATCCTCGGTGAAG-1-mutant,kept
ATTCACTGTCATCGCG-1-mutant,kept
ATTCATCGTAGGTACG-1-mutant,kept
ATTCCATGTGTTATCG-1-mutant,kept
ATTCCCGAGTCGAAAT-1-mutant,kept
ATTCCCGGTCGATTTG-1-mutant,kept
ATTCCCGTCTTAGCAG-1-mutant,kept
ATTCGTTAGTCAGAGC-1-mutant,kept
ATTCGTTGTACATTGC-1-mutant,kept
ATTCTACAGAATACAC-1-mutant,kept
ATTCTACAGATTGGGC-1-mutant,kept
ATTCTACGTACAAGCG-1-mutant,kept
ATTCTACGTTGCCTAA-1-mutant,kept
ATTCTACTCCGTAATG-1-mutant,kept
ATTGGGTTCGCAATGT-1-mutant,kept
ATTGTTCCACGAAAGC-1-mutant,kept
ATTGTTCGTCATCTAG-1-mutant,kept
ATTGTTCGTTCCCAAA-1-mutant,kept
ATTGTTCTCACAATGC-1-mutant,kept
ATTTACCGTCTCTCTG-1-mutant,kept
ATTTACCGTGTCCAAT-1-mutant,kept
ATTTCACCATTACGGT-1-mutant,kept
ATTTCACGTGCCTATA-1-mutant,kept
ATTTCTGAGAGGCCAT-1-mutant,kept
ATTTCTGCAGCAGTGA-1-mutant,kept
ATTTCTGGTAGCGTAG-1-mutant,kept
CAAAGAACACGTAGTT-1-mutant,kept
CAAAGAACAGACCATT-1-mutant,kept
CAAAGAATCATCGTAG-1-mutant,kept
CAACAACAGGCTCAAG-1-mutant,kept
CAACAACTCCGTATGA-1-mutant,kept
CAACAGTTCTCTGAGA-1-mutant,kept
CAACCTCGTCGCACAC-1-mutant,kept
CAACGATTCAATCCGA-1-mutant,kept
CAACGGCCAATGCTCA-1-mutant,kept
CAACGGCGTTCTTGTT-1-mutant,kept
CAAGACTAGGCGATAC-1-mutant,kept
CAAGACTTCGTTCGCT-1-mutant,kept
CAAGAGGCACCTTCCA-1-mutant,kept
CAAGAGGTCCGGTAAT-1-mutant,kept
CAAGGGACACACACTA-1-mutant,kept
CAAGGGAGTCGTTGGC-1-mutant,kept
CAAGGGAGTCTACAGT-1-mutant,kept
CAATACGCACACGGAA-1-mutant,kept
CAATACGGTAATTGGA-1-mutant,kept
CAATGACAGGCAGCTA-1-mutant,kept
CAATGACTCACCGCTT-1-mutant,kept
CAATGACTCCCAAGTA-1-mutant,kept
CAATTTCGTGCATGAG-1-mutant,kept
CAATTTCTCCTTCTAA-1-mutant,kept
CACAACAGTATTCCTT-1-mutant,kept
CACACAAGTCGATGCC-1-mutant,kept
CACAGATGTACGACTT-1-mutant,kept
CACCAAAGTCCTGTCT-1-mutant,kept
CACCGTTCAGGAGGTT-1-mutant,kept
CACCGTTTCCCAAGCG-1-mutant,kept
CACGAATTCACACCCT-1-mutant,kept
CACGTGGGTCCGGCAT-1-mutant,kept
CACGTTCAGTAATTGG-1-mutant,kept
CACTAAGGTACTGCGC-1-mutant,kept
CACTAAGTCCATTGCC-1-mutant,kept
CACTGAAAGGCTGGAT-1-mutant,kept
CACTGGGCACCTAAAC-1-mutant,kept
CACTGGGGTCACTACA-1-mutant,kept
CACTGGGGTCGAAACG-1-mutant,kept
CACTGTCAGACATCCT-1-mutant,kept
CACTGTCAGATGACCG-1-mutant,kept
CACTTCGGTATCGCGC-1-mutant,kept
CACTTCGGTATTTCGG-1-mutant,kept
CAGATACAGCACGATG-1-mutant,kept
CAGATACGTTTAGTCG-1-mutant,kept
CAGATACTCTATGCCC-1-mutant,kept
CAGATCAAGCGTTCAT-1-mutant,kept
CAGATCATCAGTGTGT-1-mutant,kept
CAGATTGAGCGCCTAC-1-mutant,kept
CAGATTGTCTCATAGG-1-mutant,kept
CAGCAATCAGCTAACT-1-mutant,kept
CAGCACGCAGGTTACT-1-mutant,kept
CAGCACGGTTCTCAGA-1-mutant,kept
CAGCACGTCACGATCA-1-mutant,kept
CAGCAGCGTACAGTCT-1-mutant,kept
CAGCCAGAGATTCGAA-1-mutant,kept
CAGCCAGCACCTGCTT-1-mutant,kept
CAGCCAGGTTCGGCGT-1-mutant,kept
CAGCGTGAGATGCGAC-1-mutant,kept
CAGCGTGCAACCAGAG-1-mutant,kept
CAGGCCAAGTCACTCA-1-mutant,kept
CAGGTATGTTCATCTT-1-mutant,kept
CAGTTAGAGATAACGT-1-mutant,kept
CAGTTAGTCCGAAGGA-1-mutant,kept
CAGTTCCAGAGAACCC-1-mutant,kept
CATAAGCAGGATTACA-1-mutant,kept
CATAAGCCAACGGCCT-1-mutant,kept
CATACAGCAATTAGGA-1-mutant,kept
CATACCCAGATAGCTA-1-mutant,kept
CATACCCAGGCACAAC-1-mutant,kept
CATACCCCAGACCATT-1-mutant,kept
CATACCCGTAACAGGC-1-mutant,kept
CATACCCGTCGCCACA-1-mutant,kept
CATACTTCACTATCCC-1-mutant,kept
CATCAAGGTACGAGCA-1-mutant,kept
CATCCACCACTTTATC-1-mutant,kept
CATCCACCAGTCTCTC-1-mutant,kept
CATCCACGTACAGAGC-1-mutant,kept
CATCCACGTCGCACGT-1-mutant,kept
CATCCACTCTCTGACC-1-mutant,kept
CATCGCTGTCGGAACA-1-mutant,kept
CATCGCTGTGAGTCAG-1-mutant,kept
CATCGCTGTTGTAGCT-1-mutant,kept
CATCGGGGTGAATGAT-1-mutant,kept
CATGAGTAGTTTAGGA-1-mutant,kept
CATGCAACAGCGTTGC-1-mutant,kept
CATGCCTTCAAGATAG-1-mutant,kept
CATGCCTTCCAACTGA-1-mutant,kept
CATGCTCAGCGTACAG-1-mutant,kept
CATTCATAGAAGGCTC-1-mutant,kept
CATTCATAGCAGAAAG-1-mutant,kept
CATTCATTCCTGGGTG-1-mutant,kept
CATTCCGAGGACAAGA-1-mutant,kept
CATTCCGTCCTACCAC-1-mutant,kept
CATTCTAAGCCGAATG-1-mutant,kept
CATTCTAGTAGGTGCA-1-mutant,kept
CATTGAGCAGCAAGAC-1-mutant,kept
CATTGAGGTGGATCAG-1-mutant,kept
CATTGCCGTTGGGCCT-1-mutant,kept
CATTTCATCCGCTAGG-1-mutant,kept
CCAAGCGAGCACACAG-1-mutant,kept
CCAATTTCATTGACAC-1-mutant,kept
CCACAAACAGCTCTGG-1-mutant,kept
CCACAAATCATCTGTT-1-mutant,kept
CCACACTTCTTAAGGC-1-mutant,kept
CCACTTGCACAGTCGC-1-mutant,kept
CCATAAGTCACTGCTC-1-mutant,kept
CCATCACAGAAATTCG-1-mutant,kept
CCCAACTAGTACCCTA-1-mutant,kept
CCCAACTTCGGCTTCT-1-mutant,kept
CCCATTGAGCAAGCCA-1-mutant,kept
CCCATTGAGGACAAGA-1-mutant,kept
CCCATTGGTCCAATCA-1-mutant,kept
CCCGAAGGTACAGTAA-1-mutant,kept
CCCGAAGTCCACTGAA-1-mutant,kept
CCCGGAAGTACCTGTA-1-mutant,kept
CCCTAACAGCAAACAT-1-mutant,kept
CCCTAACGTAAGCAAT-1-mutant,kept
CCCTAACTCGTAACCA-1-mutant,kept
CCCTCAATCGGTGCAC-1-mutant,kept
CCCTTAGGTGTACAGG-1-mutant,kept
CCCTTAGTCTACTCAT-1-mutant,kept
CCGAACGGTTCAGTAC-1-mutant,kept
CCGATGGAGTTGAAGT-1-mutant,kept
CCGATGGGTGGTCCCA-1-mutant,kept
CCGCAAGCATAACAGA-1-mutant,kept
CCGCAAGGTAGACTGG-1-mutant,kept
CCGGACAAGTATGCAA-1-mutant,kept
CCGGACAGTGTTTGCA-1-mutant,kept
CCGGACATCGGCATCG-1-mutant,kept
CCGGGTATCGGTGCAC-1-mutant,kept
CCGGTGAAGAGGACTC-1-mutant,kept
CCGGTGAAGCCTCTCT-1-mutant,kept
CCGGTGACACGTCGGT-1-mutant,kept
CCGTAGGAGGAAAGAC-1-mutant,kept
CCGTTCAGTCAGGCAA-1-mutant,kept
CCTAACCAGGTTGGAC-1-mutant,kept
CCTAAGACACAGGATG-1-mutant,kept
CCTAAGACAGGTCAAG-1-mutant,kept
CCTAAGATCTAAGGAA-1-mutant,kept
CCTACGTCACCATAAC-1-mutant,kept
CCTACGTCAGCAAGAC-1-mutant,kept
CCTACGTGTATCGTAC-1-mutant,kept
CCTCAACTCGGCATAT-1-mutant,kept
CCTCACACAGTCCCGA-1-mutant,kept
CCTCAGTGTACGATCT-1-mutant,kept
CCTCATGGTAGCGTCC-1-mutant,kept
CCTCATGTCACTGTCC-1-mutant,kept
CCTCCAACAAGGACAC-1-mutant,kept
CCTCCAAGTCGAACGA-1-mutant,kept
CCTCCAAGTGGAATGC-1-mutant,kept
CCTCCTCTCGTGCAGC-1-mutant,kept
CCTCTAGCAAGAGTGC-1-mutant,kept
CCTCTCCCAGTAGTTC-1-mutant,kept
CCTCTCCGTGTGTCGC-1-mutant,kept
CCTCTCCTCTAGAGCT-1-mutant,kept
CCTGTTGAGCGACATG-1-mutant,kept
CCTGTTGGTTCCTACC-1-mutant,kept
CCTTCAGGTCGTATGT-1-mutant,kept
CCTTGTGAGACGCAGT-1-mutant,kept
CCTTGTGCAGCCGTCA-1-mutant,kept
CCTTTGGAGAAATTCG-1-mutant,kept
CGAAGGATCCCGTGTT-1-mutant,kept
CGAAGTTAGCTGCGAA-1-mutant,kept
CGAAGTTAGGATCATA-1-mutant,kept
CGAAGTTGTGACGTCC-1-mutant,kept
CGAGAAGCACGCTGCA-1-mutant,kept
CGAGAAGCAGCCCACA-1-mutant,kept
CGAGAAGTCTGTCAGA-1-mutant,kept
CGAGGCTGTCACAGTT-1-mutant,kept
CGAGTGCCATCTCAAG-1-mutant,kept
CGAGTTATCCGTCACT-1-mutant,kept
CGAGTTATCCGTGCGA-1-mutant,kept
CGATCGGGTAGGCTGA-1-mutant,kept
CGATCGGGTGGACTAG-1-mutant,kept
CGATGCGCATCAGCTA-1-mutant,kept
CGATGCGGTTGGACCC-1-mutant,kept
CGATGCGTCGCCTATC-1-mutant,kept
CGATGCGTCTTTGCTA-1-mutant,kept
CGATGGCAGGTGCTGA-1-mutant,kept
CGATGGCCAACTGATC-1-mutant,kept
CGATGGCCAGGCACTC-1-mutant,kept
CGATGGCGTCCGCAGT-1-mutant,kept
CGCAGGTAGACATAGT-1-mutant,kept
CGCAGGTCAACTCGTA-1-mutant,kept
CGCAGGTTCCGAACGC-1-mutant,kept
CGCATGGAGATGAACT-1-mutant,kept
CGCATGGGTGTTAACC-1-mutant,kept
CGCCAGAAGAGACAAG-1-mutant,kept
CGCCAGACAAGTCCAT-1-mutant,kept
CGCCAGAGTTATAGAG-1-mutant,kept
CGCCATTCAGAGCCCT-1-mutant,kept
CGCGTGAGTCCAAAGG-1-mutant,kept
CGGGACTCAGAATCGG-1-mutant,kept
CGGGACTGTGATAGTA-1-mutant,kept
CGGGACTGTGCTGATT-1-mutant,kept
CGGGCATAGCGCCTAC-1-mutant,kept
CGGGCATCAATAGGAT-1-mutant,kept
CGGGTCATCTGCTGAA-1-mutant,kept
CGGGTGTAGCTGTCCG-1-mutant,kept
CGGGTGTCAGGATTCT-1-mutant,kept
CGGGTGTTCTGCGAGC-1-mutant,kept
CGGGTGTTCTTTGCAT-1-mutant,kept
CGGTCAGAGGATGAGA-1-mutant,kept
CGGTCAGGTTCAGGTT-1-mutant,kept
CGTAAGTCAGAAATTG-1-mutant,kept
CGTAATGCATACAGGG-1-mutant,kept
CGTCAAAAGCCAGTAG-1-mutant,kept
CGTCAAATCGGTCGGT-1-mutant,kept
CGTCCATCAGTCGAGA-1-mutant,kept
CGTGATACAACGCATT-1-mutant,kept
CGTGATATCCTCTGCA-1-mutant,kept
CGTGCTTAGCGTGCCT-1-mutant,kept
CGTGTCTAGTAAGAGG-1-mutant,kept
CGTGTCTAGTCATGGG-1-mutant,kept
CGTGTCTAGTGGTCAG-1-mutant,kept
CGTGTCTGTACAACGG-1-mutant,kept
CGTTAGAAGTCACTGT-1-mutant,kept
CGTTGGGCATCTGCGG-1-mutant,kept
CTAACCCAGCGATGAC-1-mutant,kept
CTAACTTTCAGTGTGT-1-mutant,kept
CTAACTTTCGCTAGCG-1-mutant,kept
CTAAGTGTCCAACTGA-1-mutant,kept
CTACAGACAAACCACT-1-mutant,kept
CTACAGAGTCCTTAAG-1-mutant,kept
CTACATTTCCATAAGC-1-mutant,kept
CTACCCAGTGAGCAGT-1-mutant,kept
CTACCCAGTTCATCTT-1-mutant,kept
CTACGGGTCTATGTGG-1-mutant,kept
CTACTATAGTTACGGG-1-mutant,kept
CTACTATCAAACTAGA-1-mutant,kept
CTACTATCAGTTTCAG-1-mutant,kept
CTACTATTCTATTTCG-1-mutant,kept
CTAGGTAGTCTCGACG-1-mutant,kept
CTATAGGCAGGCTTGC-1-mutant,kept
CTATCCGGTTAGGGAC-1-mutant,kept
CTATCTACACTCTGCT-1-mutant,kept
CTATCTAGTGACTCTA-1-mutant,kept
CTCAACCGTGGGATTG-1-mutant,kept
CTCAAGAAGTCACTGT-1-mutant,kept
CTCAAGACAATAACCC-1-mutant,kept
CTCACTGTCCCGAGTG-1-mutant,kept
CTCAGAAAGCACTCGC-1-mutant,kept
CTCAGAACACCAACAT-1-mutant,kept
CTCAGAAGTCGTTGCG-1-mutant,kept
CTCAGTCAGCTTCTAG-1-mutant,kept
CTCAGTCTCTATCGGA-1-mutant,kept
CTCATCGCATTGAAAG-1-mutant,kept
CTCATCGGTTCCACAA-1-mutant,kept
CTCATCGTCGACCAAT-1-mutant,kept
CTCATGCAGAGTCCGA-1-mutant,kept
CTCATGCGTAGGCTCC-1-mutant,kept
CTCATTAAGAAACCAT-1-mutant,kept
CTCATTAAGCTCACTA-1-mutant,kept
CTCATTAAGGACGCAT-1-mutant,kept
CTCATTATCGGCTGAC-1-mutant,kept
CTCCAACAGATTGAGT-1-mutant,kept
CTCCAACAGCGCCGTT-1-mutant,kept
CTCCACAAGGATCACG-1-mutant,kept
CTCCACAAGTTCAACC-1-mutant,kept
CTCCATGTCCTTCTTC-1-mutant,kept
CTCCCTCAGCAGCACA-1-mutant,kept
CTCCCTCGTGCGAACA-1-mutant,kept
CTCCGATAGTGTTCAC-1-mutant,kept
CTCCGATCATCCGAAT-1-mutant,kept
CTCCGATTCCAAATGC-1-mutant,kept
CTCCTCCCATCAGCGC-1-mutant,kept
CTCCTTTAGTTGCCCG-1-mutant,kept
CTCGAGGGTTCCGCGA-1-mutant,kept
CTCTCAGAGAGCTGCA-1-mutant,kept
CTGAATGAGGTGAGAA-1-mutant,kept
CTGAATGGTGCACAAG-1-mutant,kept
CTGAATGGTGCACGCT-1-mutant,kept
CTGAGCGAGGCTCACC-1-mutant,kept
CTGAGGCCATTCCTAT-1-mutant,kept
CTGATCCAGCTGAAGC-1-mutant,kept
CTGATCCAGTCGAAAT-1-mutant,kept
CTGATCCGTTAAGTCC-1-mutant,kept
CTGATCCTCCGACGGT-1-mutant,kept
CTGCAGGAGTGCAAAT-1-mutant,kept
CTGCAGGCACGTAGTT-1-mutant,kept
CTGCATCAGATTGTGA-1-mutant,kept
CTGCATCAGCGTCAGA-1-mutant,kept
CTGCATCCAAGACAAT-1-mutant,kept
CTGCATCCACGTCTCT-1-mutant,kept
CTGCCATGTGCCGTTG-1-mutant,kept
CTGCCTATCAACTGAC-1-mutant,kept
CTGCCTATCCACGTAA-1-mutant,kept
CTGCGAGCAGCACAGA-1-mutant,kept
CTGCGAGGTAGACTGG-1-mutant,kept
CTGCGAGGTCCAAAGG-1-mutant,kept
CTGCTCAGTTACCGTA-1-mutant,kept
CTGGCAGCAGCTGTTA-1-mutant,kept
CTGGTCTGTTAAGGGC-1-mutant,kept
CTGGTCTTCTAACGGT-1-mutant,kept
CTGTACCGTTGGAGGT-1-mutant,kept
CTGTAGACAAGAATAC-1-mutant,kept
CTGTATTAGACGAAGA-1-mutant,kept
CTGTATTGTAACACCT-1-mutant,kept
CTGTCGTAGGGTTGCA-1-mutant,kept
CTGTCGTGTTCTTGTT-1-mutant,kept
CTGTGAAAGACAGCTG-1-mutant,kept
CTGTGGGTCGTTCCTG-1-mutant,kept
CTTACCGAGCGCCTCA-1-mutant,kept
CTTACCGCATCGTGCG-1-mutant,kept
CTTACCGGTCGATGCC-1-mutant,kept
CTTACCGTCCTTCAGC-1-mutant,kept
CTTCCGACAAGGTCTT-1-mutant,kept
CTTCCTTAGGACGGAG-1-mutant,kept
CTTCCTTAGGGCGAAG-1-mutant,kept
CTTCCTTCAATGTCTG-1-mutant,kept
CTTCCTTTCGTCGACG-1-mutant,kept
CTTCGGTCATCCAACA-1-mutant,kept
CTTCTAAGTCACCGCA-1-mutant,kept
CTTGATTAGGATTTCC-1-mutant,kept
CTTGATTCAAATACGA-1-mutant,kept
CTTGATTGTCTTCCGT-1-mutant,kept
CTTGATTTCAGTGATC-1-mutant,kept
CTTGATTTCGACATAC-1-mutant,kept
GAAACCTAGCTATCTG-1-mutant,kept
GAAATGAAGGATTTGA-1-mutant,kept
GAAATGAAGGGTTAAT-1-mutant,kept
GAAATGAGTAATCAAG-1-mutant,kept
GAACTGTGTGAGTGAC-1-mutant,kept
GAAGAATCAAGAAATC-1-mutant,kept
GAAGAATGTGCCCAGT-1-mutant,kept
GAAGCCCAGCAAATGT-1-mutant,kept
GAAGCGAGTAGGTGCA-1-mutant,kept
GAAGGACAGAGCTGCA-1-mutant,kept
GAAGGACAGCGCTGCT-1-mutant,kept
GAAGGACGTTCTCAGA-1-mutant,kept
GAAGGACTCTGTCCCA-1-mutant,kept
GAATAGAGTATTGCCA-1-mutant,kept
GAATAGAGTCCCTCAT-1-mutant,kept
GAATAGAGTTGCCGAC-1-mutant,kept
GACACGCAGGTTTGAA-1-mutant,kept
GACACGCGTCCTGTCT-1-mutant,kept
GACATCAAGCGTGTCC-1-mutant,kept
GACCAATCAGTGGCTC-1-mutant,kept
GACCCTTAGTGAGCCA-1-mutant,kept
GACCCTTGTGCAGGAT-1-mutant,kept
GACCCTTGTTCCTTGC-1-mutant,kept
GACCCTTTCGTCGGGT-1-mutant,kept
GACCCTTTCTGCATAG-1-mutant,kept
GACGTTAAGCGCCTCA-1-mutant,kept
GACGTTATCTATACGG-1-mutant,kept
GACTATGCAATGCTCA-1-mutant,kept
GACTCAAAGAGTCACG-1-mutant,kept
GACTCTCAGACGATAT-1-mutant,kept
GACTCTCGTCGTTCAA-1-mutant,kept
GACTGATTCGCGCTGA-1-mutant,kept
GACTTCCCAAAGGCGT-1-mutant,kept
GAGACCCGTCTTGAGT-1-mutant,kept
GAGAGGTTCCGCACGA-1-mutant,kept
GAGCCTGCAGCATCTA-1-mutant,kept
GAGCTGCCATAGAAAC-1-mutant,kept
GAGGCAAAGAGCTGCA-1-mutant,kept
GAGGGATAGGCCATAG-1-mutant,kept
GAGGGATAGGTGGCTA-1-mutant,kept
GAGGGATCAAGAGATT-1-mutant,kept
GAGGGATCAGGACATG-1-mutant,kept
GAGGGATCATCAACCA-1-mutant,kept
GAGTCTAGTGATTCTG-1-mutant,kept
GAGTGTTAGGGATCTG-1-mutant,kept
GAGTGTTGTCGACTGC-1-mutant,kept
GAGTGTTGTTAGAGAT-1-mutant,kept
GAGTGTTTCAGACATC-1-mutant,kept
GAGTTACAGGACAGCT-1-mutant,kept
GAGTTACAGGATACAT-1-mutant,kept
GAGTTACGTTACGTAC-1-mutant,kept
GAGTTACGTTCTGAGT-1-mutant,kept
GAGTTACTCGAAGCCC-1-mutant,kept
GAGTTGTTCTTCCCAG-1-mutant,kept
GAGTTTGGTAGGGTAC-1-mutant,kept
GATAGAAAGAGAGCCT-1-mutant,kept
GATAGAACAAACTAAG-1-mutant,kept
GATAGAATCTTCACAT-1-mutant,kept
GATAGCTCAAACGTGG-1-mutant,kept
GATAGCTTCAGACATC-1-mutant,kept
GATCATGAGGTGCTAG-1-mutant,kept
GATCGTAGTATCATGC-1-mutant,kept
GATCGTAGTTTAGACC-1-mutant,kept
GATCGTATCACCACAA-1-mutant,kept
GATGACTCATACTGTG-1-mutant,kept
GATGACTGTATGCGTT-1-mutant,kept
GATGACTTCATGCATG-1-mutant,kept
GATGACTTCTGTAACG-1-mutant,kept
GATGCTAAGCATGCGA-1-mutant,kept
GATGCTATCCGAGATT-1-mutant,kept
GATGTTGGTAGCTGAG-1-mutant,kept
GATGTTGGTCGTGCCA-1-mutant,kept
GATTCGAAGCTCTGTA-1-mutant,kept
GATTCGAAGTGCTCAT-1-mutant,kept
GATTCGAGTCCCTGAG-1-mutant,kept
GATTCGATCGCCGAAC-1-mutant,kept
GCAACATCATAGACTC-1-mutant,kept
GCAACATTCATAGACC-1-mutant,kept
GCAACATTCCGCTTAC-1-mutant,kept
GCAACATTCTAGCCTC-1-mutant,kept
GCACATACACCCATAA-1-mutant,kept
GCACATACAGTTTCGA-1-mutant,kept
GCACGGTAGGTAGGCT-1-mutant,kept
GCACGGTCAGAGTCAG-1-mutant,kept
GCACGTGAGTTGTCAC-1-mutant,kept
GCACGTGCATTAGGCT-1-mutant,kept
GCACTAACAGCACGAA-1-mutant,kept
GCACTAACAGTCGCTG-1-mutant,kept
GCAGCCACATCATCCC-1-mutant,kept
GCAGCCAGTCTCAAGT-1-mutant,kept
GCAGCTGAGGAGCAAA-1-mutant,kept
GCAGGCTAGTGGATTA-1-mutant,kept
GCAGTTAAGCTCGGCT-1-mutant,kept
GCAGTTAGTAGTAAGT-1-mutant,kept
GCAGTTATCACCTCAC-1-mutant,kept
GCATCGGTCACGGAGA-1-mutant,kept
GCATCTCGTCAGACTT-1-mutant,kept
GCATCTCTCAGCTAGT-1-mutant,kept
GCATCTCTCGCTAGCG-1-mutant,kept
GCATCTCTCTCGTGAA-1-mutant,kept
GCATGATTCTTGTGCC-1-mutant,kept
GCCAACGGTACACGCC-1-mutant,kept
GCCAGCAAGTATGGCG-1-mutant,kept
GCCAGCACATGCGGTC-1-mutant,kept
GCCAGCAGTAACATCC-1-mutant,kept
GCCAGGTAGTTGCATC-1-mutant,kept
GCCAGGTGTGTGTGGA-1-mutant,kept
GCCAGTGGTTAGAAAC-1-mutant,kept
GCCAGTGGTTCGGTCG-1-mutant,kept
GCCCAGACAACTCCCT-1-mutant,kept
GCCCAGACAGCCATTA-1-mutant,kept
GCCCAGACAGCGAGTA-1-mutant,kept
GCCCAGAGTCTATGAC-1-mutant,kept
GCCCGAACACTGTTCC-1-mutant,kept
GCCGATGCAAGTCGTT-1-mutant,kept
GCCGATGGTGCTAGCC-1-mutant,kept
GCCGATGGTTAAGGAT-1-mutant,kept
GCCGTGATCACGTCCT-1-mutant,kept
GCCGTGATCCTACACC-1-mutant,kept
GCCTGTTCAATCAGCT-1-mutant,kept
GCCTGTTTCCCTCTAG-1-mutant,kept
GCGAGAACATGCAGCC-1-mutant,kept
GCGATCGAGGTCCTGC-1-mutant,kept
GCGGAAATCAGACAAA-1-mutant,kept
GCGGATCGTATGAGGC-1-mutant,kept
GCGGATCGTTGCATAC-1-mutant,kept
GCGTGCACAAGCGCAA-1-mutant,kept
GCTACAAGTTGTGCCG-1-mutant,kept
GCTACCTGTCCAAAGG-1-mutant,kept
GCTGCAGCACATGACT-1-mutant,kept
GCTGCAGCAGTAGTGG-1-mutant,kept
GCTGCAGTCGCCAGAC-1-mutant,kept
GCTTCACCACTAGTAC-1-mutant,kept
GCTTCACCAGAGTCAG-1-mutant,kept
GCTTGGGCAATCGAAA-1-mutant,kept
GCTTTCGCAAATTGCC-1-mutant,kept
GCTTTCGCAGCTTCGG-1-mutant,kept
GCTTTCGGTCACGACC-1-mutant,kept
GCTTTCGTCGGTCGGT-1-mutant,kept
GGAACCCTCTGGGCAC-1-mutant,kept
GGAAGTGCATGACACT-1-mutant,kept
GGAAGTGGTAGATGTA-1-mutant,kept
GGAAGTGGTCCCAAAT-1-mutant,kept
GGAATCTAGTAGCATA-1-mutant,kept
GGAATCTCACCATAAC-1-mutant,kept
GGAATCTGTAGCGAGT-1-mutant,kept
GGAATCTTCTCTTGCG-1-mutant,kept
GGAATGGGTCATAAAG-1-mutant,kept
GGACGTCCAACACACT-1-mutant,kept
GGACGTCTCGGAGATG-1-mutant,kept
GGAGAACCACTTACAG-1-mutant,kept
GGAGAACTCCGCAAAT-1-mutant,kept
GGAGAACTCGTCGGGT-1-mutant,kept
GGAGATGCACGAGGAT-1-mutant,kept
GGAGATGGTACACTCA-1-mutant,kept
GGAGATGGTTTGGGTT-1-mutant,kept
GGAGGATAGATGAATC-1-mutant,kept
GGAGGTAGTCTCACGG-1-mutant,kept
GGAGGTATCTGCGGAC-1-mutant,kept
GGATCTAGTTATCTTC-1-mutant,kept
GGATGTTCACTGCACG-1-mutant,kept
GGATGTTGTAGACACG-1-mutant,kept
GGCACGTCATGTTACG-1-mutant,kept
GGCACGTGTCTCCCTA-1-mutant,kept
GGCACGTTCCATTTCA-1-mutant,kept
GGCACGTTCCTCAGGG-1-mutant,kept
GGCAGTCAGAGACAAG-1-mutant,kept
GGCAGTCGTCGATGCC-1-mutant,kept
GGCAGTCGTGGCTGCT-1-mutant,kept
GGCAGTCGTGGGTCAA-1-mutant,kept
GGCGTCACAACGATCT-1-mutant,kept
GGCTTGGAGCGACTTT-1-mutant,kept
GGCTTTCCAGGCATGA-1-mutant,kept
GGCTTTCGTGATTCAC-1-mutant,kept
GGGAAGTTCATAGAGA-1-mutant,kept
GGGACAACATGTCTAG-1-mutant,kept
GGGACAAGTCTCCTGT-1-mutant,kept
GGGACTCGTAGACTGG-1-mutant,kept
GGGACTCTCACCTGTC-1-mutant,kept
GGGAGATAGGTTACCT-1-mutant,kept
GGGAGTAGTCATCGGC-1-mutant,kept
GGGAGTATCGTAATGC-1-mutant,kept
GGGATCCAGTTCTCTT-1-mutant,kept
GGGATGACACGCGTGT-1-mutant,kept
GGGATGATCCTATGGA-1-mutant,kept
GGGCCATGTGTGGACA-1-mutant,kept
GGGCGTTAGCCATTGT-1-mutant,kept
GGGCGTTGTAGACACG-1-mutant,kept
GGGCGTTTCGCATAGT-1-mutant,kept
GGGCTACAGATGCTTC-1-mutant,kept
GGGCTACGTTGCCAAT-1-mutant,kept
GGGCTCAAGTTCCAGT-1-mutant,kept
GGGCTCACAAGCGATG-1-mutant,kept
GGGTAGAAGCTATCTG-1-mutant,kept
GGGTAGAAGTTGAAGT-1-mutant,kept
GGGTAGAGTAGAATAC-1-mutant,kept
GGGTAGATCCATTTCA-1-mutant,kept
GGGTATTAGATTGACA-1-mutant,kept
GGGTCACAGCGCTGAA-1-mutant,kept
GGGTCACGTAGCGTCC-1-mutant,kept
GGGTCACGTGTTCGTA-1-mutant,kept
GGGTCTGAGTGGACTG-1-mutant,kept
GGGTCTGCACACCAGC-1-mutant,kept
GGGTGAACACTGTTCC-1-mutant,kept
GGGTGAACATGAAGCG-1-mutant,kept
GGGTGTCAGTTGAAAC-1-mutant,kept
GGGTTATAGCAATTCC-1-mutant,kept
GGGTTATGTGTTCGTA-1-mutant,kept
GGGTTTAAGGCTGTAG-1-mutant,kept
GGGTTTACACCCAACG-1-mutant,kept
GGGTTTACACTCACTC-1-mutant,kept
GGGTTTATCTAAGAAG-1-mutant,kept
GGTAACTAGGCCCACT-1-mutant,kept
GGTAACTGTACCGTGC-1-mutant,kept
GGTCACGTCGCTAAAC-1-mutant,kept
GGTCTGGGTCACAGAG-1-mutant,kept
GGTGAAGCACACTGGC-1-mutant,kept
GGTGAAGCAGCACACC-1-mutant,kept
GGTGAAGGTACTGGGA-1-mutant,kept
GGTGGCTAGAGAATCT-1-mutant,kept
GGTGGCTCATTAAGCC-1-mutant,kept
GGTGTTACACTCCACT-1-mutant,kept
GGTTAACTCCATCACC-1-mutant,kept
GGTTCTCAGAGAGAAC-1-mutant,kept
GGTTCTCCACAGGATG-1-mutant,kept
GGTTCTCTCCTCATAT-1-mutant,kept
GGTTGTAAGCCAGAGT-1-mutant,kept
GGTTGTACACTATCCC-1-mutant,kept
GGTTGTAGTTGGACTT-1-mutant,kept
GTAACACAGCGTTACT-1-mutant,kept
GTAACACCAATTGGTC-1-mutant,kept
GTAACACTCTATTCGT-1-mutant,kept
GTAACACTCTCTGACC-1-mutant,kept
GTAAGTCAGTTCCGGC-1-mutant,kept
GTAAGTCCACAAAGTA-1-mutant,kept
GTAATCGTCTGTCGTC-1-mutant,kept
GTAATGCCAGAGGAAA-1-mutant,kept
GTAATGCTCTGGACTA-1-mutant,kept
GTACAACGTCTACACA-1-mutant,kept
GTAGAAATCTGAGATC-1-mutant,kept
GTAGAGGAGAAGCTGC-1-mutant,kept
GTAGAGGAGACGCATG-1-mutant,kept
GTAGATCGTTTACTGG-1-mutant,kept
GTAGCTAAGCCAACCC-1-mutant,kept
GTAGCTACAACACGAG-1-mutant,kept
GTAGCTATCTGTGCTC-1-mutant,kept
GTAGGTTCAGGGTCTC-1-mutant,kept
GTAGGTTGTCCAATCA-1-mutant,kept
GTAGGTTGTTTACGTG-1-mutant,kept
GTATTGGAGTGGTTGG-1-mutant,kept
GTATTGGTCATCTATC-1-mutant,kept
GTATTTCAGATCCCGC-1-mutant,kept
GTATTTCTCTCCTACG-1-mutant,kept
GTCATGAAGTTCGCAT-1-mutant,kept
GTCATTTAGTGCGCTC-1-mutant,kept
GTCCACTGTAAGATAC-1-mutant,kept
GTCCCATTCCCTTGGT-1-mutant,kept
GTCCTCAAGTCCGTCG-1-mutant,kept
GTCGAATAGATTACCC-1-mutant,kept
GTCGAATGTCCAGAAG-1-mutant,kept
GTCGTAATCCTTCTTC-1-mutant,kept
GTCGTTCAGGTTGCCC-1-mutant,kept
GTCGTTCCAACATCGT-1-mutant,kept
GTCGTTCCACCGTACG-1-mutant,kept
GTCGTTCTCCTTGACC-1-mutant,kept
GTCTACCAGCCTGTGC-1-mutant,kept
GTCTCACCAAGAAATC-1-mutant,kept
GTCTCACCAGGTCCCA-1-mutant,kept
GTCTCACCAGTATGAA-1-mutant,kept
GTCTGTCAGAGGTCGT-1-mutant,kept
GTCTGTCAGCATTGTC-1-mutant,kept
GTCTGTCAGGAGACCT-1-mutant,kept
GTCTTTAAGCATGCGA-1-mutant,kept
GTCTTTATCGCGTAGC-1-mutant,kept
GTGACGCCAAGGTCGA-1-mutant,kept
GTGACGCTCGAGTGGA-1-mutant,kept
GTGAGCCCAACAGATA-1-mutant,kept
GTGAGGACACTAAACC-1-mutant,kept
GTGAGGATCAGACCCG-1-mutant,kept
GTGAGGATCGATCCAA-1-mutant,kept
GTGAGTTAGATAGCAT-1-mutant,kept
GTGCACGCAGTCAACT-1-mutant,kept
GTGCACGCATAGGTAA-1-mutant,kept
GTGCACGTCCATTTAC-1-mutant,kept
GTGCAGCAGAAGCGAA-1-mutant,kept
GTGCAGCTCTGACCCT-1-mutant,kept
GTGCGTGCAATAGGGC-1-mutant,kept
GTGCGTGGTCGCGTTG-1-mutant,kept
GTGCTGGTCCGTATGA-1-mutant,kept
GTGCTTCAGGGTCTTT-1-mutant,kept
GTGGAAGGTCCGGACT-1-mutant,kept
GTGGAAGTCAAGGTGG-1-mutant,kept
GTGGCGTGTCCGATCG-1-mutant,kept
GTGGGAAAGCATCAAA-1-mutant,kept
GTGGGAAAGGGTCACA-1-mutant,kept
GTGGGAAGTGCTAGCC-1-mutant,kept
GTGGGAATCCAGTGCG-1-mutant,kept
GTGGTTACATCTGGGC-1-mutant,kept
GTGGTTATCCATCAGA-1-mutant,kept
GTGTAACAGAACAAGG-1-mutant,kept
GTGTAACCAATTGGTC-1-mutant,kept
GTGTAACGTAGGAGGG-1-mutant,kept
GTGTCCTCATGGAGAC-1-mutant,kept
GTGTGATAGATGAATC-1-mutant,kept
GTGTGATGTTGGCTAT-1-mutant,kept
GTGTGATTCGCCGAGT-1-mutant,kept
GTGTGGCCACTTCAGA-1-mutant,kept
GTTACCCCAAATAAGC-1-mutant,kept
GTTACCCCACGGTAGA-1-mutant,kept
GTTACCCGTACAGTCT-1-mutant,kept
GTTACCCTCTTCGCTG-1-mutant,kept
GTTACGAAGTGCTACT-1-mutant,kept
GTTACGACATGGTACT-1-mutant,kept
GTTAGACCAACCGATT-1-mutant,kept
GTTAGACCAGGTTCAT-1-mutant,kept
GTTAGTGCATTAGGCT-1-mutant,kept
GTTAGTGGTTGCACGC-1-mutant,kept
GTTAGTGTCTGAGAAA-1-mutant,kept
GTTATGGGTAACCAGG-1-mutant,kept
GTTCATTGTGGCAACA-1-mutant,kept
GTTCCGTCACTGCGAC-1-mutant,kept
GTTCCGTTCATCGCTC-1-mutant,kept
GTTCGCTAGAAGTCCG-1-mutant,kept
GTTCGCTAGCTTTGTG-1-mutant,kept
GTTGAACTCAACTGGT-1-mutant,kept
GTTGCGGCACCCAAGC-1-mutant,kept
GTTGTAGCATACCAGT-1-mutant,kept
GTTGTAGGTACGCTAT-1-mutant,kept
GTTGTAGTCACCTGGG-1-mutant,kept
GTTGTCCAGGGCAGGA-1-mutant,kept
GTTGTGATCTGGCTGG-1-mutant,kept
GTTTACTAGCCTTTGA-1-mutant,kept
GTTTACTCAAGTGTCT-1-mutant,kept
GTTTGGAAGACATAGT-1-mutant,kept
GTTTGGAAGATTGATG-1-mutant,kept
GTTTGGAAGGCACTCC-1-mutant,kept
GTTTGGAGTCCAGAAG-1-mutant,kept
TAACACGTCTACGGTA-1-mutant,kept
TAACGACAGCGGGTTA-1-mutant,kept
TAACGACTCATCCTAT-1-mutant,kept
TAACGACTCCAGCTCT-1-mutant,kept
TAACTTCAGCAGCGAT-1-mutant,kept
TAACTTCCAGGGATAC-1-mutant,kept
TAACTTCCATGAGGGT-1-mutant,kept
TAACTTCGTCACCACG-1-mutant,kept
TAACTTCTCGGAGCAA-1-mutant,kept
TAAGCACAGACTAAGT-1-mutant,kept
TAAGCACAGTTAACAG-1-mutant,kept
TAAGCCACACTCCGAG-1-mutant,kept
TAAGCCACATGTGCCG-1-mutant,kept
TAAGCGTAGAGACAAG-1-mutant,kept
TAAGTCGCACCATTCC-1-mutant,kept
TAAGTCGGTTTCCATT-1-mutant,kept
TAATTCCCACCTGATA-1-mutant,kept
TAATTCCTCCGTATAG-1-mutant,kept
TACAACGAGAGTCAAT-1-mutant,kept
TACAACGCAATAACGA-1-mutant,kept
TACACCCAGTCATACC-1-mutant,kept
TACACCCTCGAACCAT-1-mutant,kept
TACAGGTGTACAGAAT-1-mutant,kept
TACATTCCAAGACGGT-1-mutant,kept
TACATTCCAGCCTATA-1-mutant,kept
TACATTCGTACTCAAC-1-mutant,kept
TACATTCGTAGCCCTG-1-mutant,kept
TACCCACCAAACTCTG-1-mutant,kept
TACCCACTCGAATCCA-1-mutant,kept
TACCCGTAGATACAGT-1-mutant,kept
TACCGAAGTAGCTCGC-1-mutant,kept
TACCTCGTCGTAGCCG-1-mutant,kept
TACGCTCCAATGTCAC-1-mutant,kept
TACGGGCAGCATCCCG-1-mutant,kept
TACGGGCAGGCAGGGA-1-mutant,kept
TACGGGCCAGCTAACT-1-mutant,kept
TACGGGCGTATATGGA-1-mutant,kept
TACGGTATCCTGCCAT-1-mutant,kept
TACGTCCGTACGCGTC-1-mutant,kept
TACGTCCTCTCTTGCG-1-mutant,kept
TACTGCCCAACCACAT-1-mutant,kept
TACTGCCGTCGATTCA-1-mutant,kept
TACTGCCGTTCCAGGC-1-mutant,kept
TACTGCCGTTGACGGA-1-mutant,kept
TACTTACAGTTGGACG-1-mutant,kept
TACTTGTTCGGAATTC-1-mutant,kept
TAGACCAGTTATTCTC-1-mutant,kept
TAGACCATCAAAGCCT-1-mutant,kept
TAGAGTCAGGTCACCC-1-mutant,kept
TAGATCGAGTCAGCGA-1-mutant,kept
TAGATCGGTTAGCGGA-1-mutant,kept
TAGATCGTCAATCCGA-1-mutant,kept
TAGCACAAGCAAACAT-1-mutant,kept
TAGCACACATTACTCT-1-mutant,kept
TAGGAGGAGCATTTCG-1-mutant,kept
TAGGAGGAGGAAAGTG-1-mutant,kept
TAGGGTTAGGTTCCGC-1-mutant,kept
TAGGGTTAGTGCCAGA-1-mutant,kept
TAGGGTTGTATGGGAC-1-mutant,kept
TAGGGTTGTGGATGAC-1-mutant,kept
TAGGTACTCCGACGGT-1-mutant,kept
TAGGTTGAGTGCACTT-1-mutant,kept
TAGGTTGCAGCGTGAA-1-mutant,kept
TAGTGCAGTCCTATAG-1-mutant,kept
TAGTGCATCAGATGCT-1-mutant,kept
TAGTGCATCGGTCATA-1-mutant,kept
TATACCTAGCTCGGCT-1-mutant,kept
TATACCTTCGTTATCT-1-mutant,kept
TATATCCAGCATGCGA-1-mutant,kept
TATCAGGCAAGCGCAA-1-mutant,kept
TATCCTACACTACGGC-1-mutant,kept
TATCCTAGTCTACGTA-1-mutant,kept
TATCCTATCAGCTAGT-1-mutant,kept
TATCTGTAGCAATTCC-1-mutant,kept
TATCTGTAGGTCCAGA-1-mutant,kept
TATCTGTCAACGGCCT-1-mutant,kept
TATGTTCAGTCGTCTA-1-mutant,kept
TATGTTCTCTATTCGT-1-mutant,kept
TATTCCAAGGGTAGCT-1-mutant,kept
TATTTCGTCGAAGGAC-1-mutant,kept
TATTTCGTCGATCCAA-1-mutant,kept
TCAAGACCATGTGCCG-1-mutant,kept
TCAAGACGTGTCCACG-1-mutant,kept
TCAAGCACACTTGTCC-1-mutant,kept
TCAAGCACAGACTGCC-1-mutant,kept
TCAAGCAGTAACAAGT-1-mutant,kept
TCAAGTGAGGTTAGTA-1-mutant,kept
TCAAGTGCATCATTTC-1-mutant,kept
TCAAGTGTCCGCGAGT-1-mutant,kept
TCAATCTCAACGATCT-1-mutant,kept
TCAATCTGTCGAACAG-1-mutant,kept
TCAATTCAGCAATAGT-1-mutant,kept
TCAATTCCACAAAGTA-1-mutant,kept
TCACAAGCACCAACAT-1-mutant,kept
TCACAAGGTATGGAAT-1-mutant,kept
TCACACCCAATGAGCG-1-mutant,kept
TCACACCTCACCATAG-1-mutant,kept
TCACATTCACTTGTGA-1-mutant,kept
TCACATTGTGTTACTG-1-mutant,kept
TCACGGGGTAGGTCAG-1-mutant,kept
TCACGGGTCGAGAGAC-1-mutant,kept
TCACGGGTCTGTCCCA-1-mutant,kept
TCACTCGGTGTTGATC-1-mutant,kept
TCAGCAAAGGTTCTAC-1-mutant,kept
TCAGCAAAGTATGAAC-1-mutant,kept
TCAGCCTAGCCATGCC-1-mutant,kept
TCAGCCTAGGGAGGGT-1-mutant,kept
TCAGCCTCACTTCTCG-1-mutant,kept
TCAGGGCCACCGAATT-1-mutant,kept
TCAGGGCCATCAGTCA-1-mutant,kept
TCAGGGCGTACCTATG-1-mutant,kept
TCAGGGCTCACACCGG-1-mutant,kept
TCAGGTACATATCTGG-1-mutant,kept
TCAGTCCAGAAGCGCT-1-mutant,kept
TCAGTCCCATTAAAGG-1-mutant,kept
TCAGTCCTCTAAGAAG-1-mutant,kept
TCATATCCAATCGCCG-1-mutant,kept
TCATATCGTAGGCTCC-1-mutant,kept
TCATCATGTAACATGA-1-mutant,kept
TCATCCGAGAATCGCG-1-mutant,kept
TCATTACGTGCTCGTG-1-mutant,kept
TCATTACGTGTCCGGT-1-mutant,kept
TCATTCAGTCGGCCTA-1-mutant,kept
TCATTGTAGCTGCGAA-1-mutant,kept
TCATTTGCAGGTGGAT-1-mutant,kept
TCATTTGGTAACGCGA-1-mutant,kept
TCCACGTAGAATCGCG-1-mutant,kept
TCCACGTCAAGGTTGG-1-mutant,kept
TCCAGAAAGGCTTCCG-1-mutant,kept
TCCATCGCAACTGAAA-1-mutant,kept
TCCATGCCAGGGATAC-1-mutant,kept
TCCCACAAGTATTAGG-1-mutant,kept
TCCCACAGTCTCGCGA-1-mutant,kept
TCCCAGTGTACAGAAT-1-mutant,kept
TCCCATGAGAATTCAG-1-mutant,kept
TCCGAAAAGAAACTGT-1-mutant,kept
TCCGGGAAGCGATGAC-1-mutant,kept
TCCGGGACATTGAGGG-1-mutant,kept
TCCGGGAGTTTGGGTT-1-mutant,kept
TCCGGGATCACCGGTG-1-mutant,kept
TCCTAATGTTCTCTAT-1-mutant,kept
TCCTCCCTCGGCATCG-1-mutant,kept
TCCTCGAGTGATACCT-1-mutant,kept
TCCTCTTCATCGATGT-1-mutant,kept
TCCTCTTGTGAGGATC-1-mutant,kept
TCCTGCAGTACGATGG-1-mutant,kept
TCCTTCTCATACCGTA-1-mutant,kept
TCCTTTCAGAGCATTA-1-mutant,kept
TCCTTTCTCGCTCATC-1-mutant,kept
TCGAACAAGTTTCAGC-1-mutant,kept
TCGAACATCGTTCGCT-1-mutant,kept
TCGACCTCATGACGAG-1-mutant,kept
TCGACGGCAACCTAAC-1-mutant,kept
TCGACGGGTTCGTGCG-1-mutant,kept
TCGACGGTCGTAACAC-1-mutant,kept
TCGATTTAGCGCATCC-1-mutant,kept
TCGCACTCACTATGTG-1-mutant,kept
TCGCAGGCATAGTCAC-1-mutant,kept
TCGCAGGGTAACAGGC-1-mutant,kept
TCGCAGGTCGGTCAGC-1-mutant,kept
TCGCTCAGTATTCTCT-1-mutant,kept
TCGCTTGGTAGCCAGA-1-mutant,kept
TCGCTTGGTCAGGTGA-1-mutant,kept
TCGCTTGGTTCGGCGT-1-mutant,kept
TCGGATAAGCTAGATA-1-mutant,kept
TCGGATAGTTACTCAG-1-mutant,kept
TCGGGACGTTGCCTAA-1-mutant,kept
TCGGTCTTCTAGTGAC-1-mutant,kept
TCGTAGAGTGCCTAAT-1-mutant,kept
TCGTAGATCCGCGGAT-1-mutant,kept
TCGTCCAAGGGCCTCT-1-mutant,kept
TCGTCCACAGTTCCAA-1-mutant,kept
TCTAACTTCGGCTTCT-1-mutant,kept
TCTACATCAGTAGGAC-1-mutant,kept
TCTACATGTCACCACG-1-mutant,kept
TCTACCGCAGTGTACT-1-mutant,kept
TCTACCGGTTGCTAGT-1-mutant,kept
TCTACCGTCCCATTCG-1-mutant,kept
TCTATACAGCTTGTGT-1-mutant,kept
TCTATACCAGCTACTA-1-mutant,kept
TCTCACGGTGATACCT-1-mutant,kept
TCTCACGTCCTGGTCT-1-mutant,kept
TCTCAGCAGTTGGGAC-1-mutant,kept
TCTCAGCGTTTCCAAG-1-mutant,kept
TCTCCGAAGAACTGAT-1-mutant,kept
TCTCTGGGTGCTCTTC-1-mutant,kept
TCTCTGGGTTACCTTT-1-mutant,kept
TCTCTGGTCCGCGATG-1-mutant,kept
TCTGCCAAGAACCGCA-1-mutant,kept
TCTGCCAAGCCTAACT-1-mutant,kept
TCTGCCATCGGTCACG-1-mutant,kept
TCTGGCTCAGTCAACT-1-mutant,kept
TCTGGCTGTTCAAGGG-1-mutant,kept
TCTGGCTTCTTCGATT-1-mutant,kept
TCTGTCGAGGTTACAA-1-mutant,kept
TCTGTCGCAGTACTAC-1-mutant,kept
TCTTAGTTCTCAATCT-1-mutant,kept
TCTTCCTCAACAACAA-1-mutant,kept
TCTTGCGAGGTATAGT-1-mutant,kept
TCTTGCGAGGTTAAAC-1-mutant,kept
TCTTGCGTCCATAGGT-1-mutant,kept
TCTTTGACACGTCGGT-1-mutant,kept
TGAACGTAGATTGAGT-1-mutant,kept
TGAACGTAGTCTACCA-1-mutant,kept
TGAACGTGTTTGGGAG-1-mutant,kept
TGAACGTTCCATAGAC-1-mutant,kept
TGAACGTTCCATTGGA-1-mutant,kept
TGAATCGCACTCCGAG-1-mutant,kept
TGAATCGTCTTTCCAA-1-mutant,kept
TGACAGTAGTTGCTCA-1-mutant,kept
TGACCCTTCCTTCACG-1-mutant,kept
TGACCCTTCGGCCCAA-1-mutant,kept
TGACGCGTCAAAGGTA-1-mutant,kept
TGACTCCCACAACCGC-1-mutant,kept
TGACTCCGTTCTCCTG-1-mutant,kept
TGAGACTCATCTCAAG-1-mutant,kept
TGAGACTGTTTATGCG-1-mutant,kept
TGAGACTTCGTTGTGA-1-mutant,kept
TGAGGAGAGTCGTCTA-1-mutant,kept
TGAGGAGCAGAAACCG-1-mutant,kept
TGAGTCAGTCCTGTTC-1-mutant,kept
TGAGTCAGTGACACGA-1-mutant,kept
TGAGTCATCCAGCAAT-1-mutant,kept
TGATCTTCACAAGCTT-1-mutant,kept
TGATCTTTCTACACAG-1-mutant,kept
TGATCTTTCTTGATTC-1-mutant,kept
TGATGCAAGCGTTCAT-1-mutant,kept
TGATGCAGTAGGAGGG-1-mutant,kept
TGATGGTGTACGAGTG-1-mutant,kept
TGATTCTCATCGGCCA-1-mutant,kept
TGATTCTGTGCGTCGT-1-mutant,kept
TGCACGGTCCGAGATT-1-mutant,kept
TGCAGTACAACGATCT-1-mutant,kept
TGCAGTACATCCAACA-1-mutant,kept
TGCATCCAGTTATGGA-1-mutant,kept
TGCATCCGTCCCGCAA-1-mutant,kept
TGCATGAAGAGGTGCT-1-mutant,kept
TGCCGAGCACACACGC-1-mutant,kept
TGCGACGCATCAGTCA-1-mutant,kept
TGCGACGGTTTGAAAG-1-mutant,kept
TGCGATAAGAGTGTTA-1-mutant,kept
TGCGATAGTGCCCAGT-1-mutant,kept
TGCTCCACAGACCGCT-1-mutant,kept
TGCTCCAGTAGGTTTC-1-mutant,kept
TGCTCCATCTGAGGTT-1-mutant,kept
TGCTCGTCACAGCTTA-1-mutant,kept
TGCTCGTTCCGACATA-1-mutant,kept
TGCTGAACAGTTACCA-1-mutant,kept
TGCTGAAGTTGTGTAC-1-mutant,kept
TGCTTCGGTTGTAGCT-1-mutant,kept
TGCTTGCAGGAGGGTG-1-mutant,kept
TGGAACTTCACCACAA-1-mutant,kept
TGGAGAGAGGCTGGAT-1-mutant,kept
TGGAGAGAGTAGCTCT-1-mutant,kept
TGGAGAGGTACCGCGT-1-mutant,kept
TGGATCAAGGTGAGCT-1-mutant,kept
TGGATCAGTCTACGAT-1-mutant,kept
TGGATGTTCATGCCCT-1-mutant,kept
TGGGAAGAGCTCCGAC-1-mutant,kept
TGGGAAGGTGTGCCTG-1-mutant,kept
TGGGAGACACTTTAGG-1-mutant,kept
TGGGAGAGTGTAAATG-1-mutant,kept
TGGGAGATCAGGAGAC-1-mutant,kept
TGGGATTGTGTTCATG-1-mutant,kept
TGGGCGTCACTACAGT-1-mutant,kept
TGGGCGTCATGAAGCG-1-mutant,kept
TGGGCGTTCTCCCATG-1-mutant,kept
TGGGCTGAGACGACGT-1-mutant,kept
TGGGCTGTCAACTGAC-1-mutant,kept
TGGTACATCGCCTTTG-1-mutant,kept
TGGTAGTCAATGTCTG-1-mutant,kept
TGGTAGTTCGGCAGTC-1-mutant,kept
TGGTGATCACCAGCCA-1-mutant,kept
TGGTTAGCACCGTCGA-1-mutant,kept
TGTAACGAGCGTGAAC-1-mutant,kept
TGTAACGCATTGACCA-1-mutant,kept
TGTAAGCAGAGGCCAT-1-mutant,kept
TGTACAGCAGTGTATC-1-mutant,kept
TGTAGACCATGACAGG-1-mutant,kept
TGTAGACTCAGTCATG-1-mutant,kept
TGTCAGAAGCGCCTCA-1-mutant,kept
TGTCAGAGTCTTCCGT-1-mutant,kept
TGTCCACCACTTGGGC-1-mutant,kept
TGTCCACGTTGAAGTA-1-mutant,kept
TGTCCACGTTGCATTG-1-mutant,kept
TGTCCCATCGACGACC-1-mutant,kept
TGTGAGTGTTAGGACG-1-mutant,kept
TGTGATGAGGTTCTAC-1-mutant,kept
TGTGATGCAAATTGCC-1-mutant,kept
TGTGCGGCAAGACAAT-1-mutant,kept
TGTGCGGCAAGCACCC-1-mutant,kept
TGTGCGGTCGTGCACG-1-mutant,kept
TGTGGCGGTGTCGATT-1-mutant,kept
TGTGTGACAGACATCT-1-mutant,kept
TGTGTGACATGGGCAA-1-mutant,kept
TGTGTGAGTGAACCGA-1-mutant,kept
TGTTACTGTGAGAGGG-1-mutant,kept
TGTTCCGGTCTGTCCT-1-mutant,kept
TGTTCCGTCTAGCAAC-1-mutant,kept
TGTTCTACAATCCTTT-1-mutant,kept
TGTTCTATCGCATTAG-1-mutant,kept
TGTTGAGCACTGGCGT-1-mutant,kept
TGTTTGTCAACACTAC-1-mutant,kept
TGTTTGTGTTCGGTTA-1-mutant,kept
TTAATCCAGGGTCAAC-1-mutant,kept
TTAATCCTCCTAGCTC-1-mutant,kept
TTACCATTCCCATGGG-1-mutant,kept
TTACGCCAGATTAGCA-1-mutant,kept
TTACGTTAGAACAAGG-1-mutant,kept
TTACGTTGTACCTTCC-1-mutant,kept
TTAGGCACAGCTTTGA-1-mutant,kept
TTAGGGTTCTAACGCA-1-mutant,kept
TTAGTCTTCCTTATCA-1-mutant,kept
TTATTGCGTAGCTTTG-1-mutant,kept
TTATTGCTCTTCTAAC-1-mutant,kept
TTCAATCCAGCATGCC-1-mutant,kept
TTCACCGCAGCACCCA-1-mutant,kept
TTCATGTCAATAAGGT-1-mutant,kept
TTCATGTCACAGAAGC-1-mutant,kept
TTCATGTGTAGCTTAC-1-mutant,kept
TTCCAATCACACCAGC-1-mutant,kept
TTCCAATTCCAGCACG-1-mutant,kept
TTCCGGTCAAGACCGA-1-mutant,kept
TTCCGGTCAATCGCAT-1-mutant,kept
TTCCGGTCATCTAGAC-1-mutant,kept
TTCCGTGCACCACTGG-1-mutant,kept
TTCCGTGTCGTTCTCG-1-mutant,kept
TTCCTCTGTCCGAAAG-1-mutant,kept
TTCCTTCGTCATTCCC-1-mutant,kept
TTCGATTGTCGTGGTC-1-mutant,kept
TTCGATTTCTCCTGCA-1-mutant,kept
TTCGCTGAGCCAACCC-1-mutant,kept
TTCGCTGTCACCGGGT-1-mutant,kept
TTCGGTCAGCTAATCC-1-mutant,kept
TTCGGTCAGCTGAAAT-1-mutant,kept
TTCGGTCCACATAGCT-1-mutant,kept
TTCGGTCCAGCAGATG-1-mutant,kept
TTCGGTCTCCCATAGA-1-mutant,kept
TTCTAACAGTGGACTG-1-mutant,kept
TTCTAACTCAAGAGGC-1-mutant,kept
TTCTAGTCAGTCCGTG-1-mutant,kept
TTCTAGTGTGAAGCTG-1-mutant,kept
TTCTCTCGTCCTGTTC-1-mutant,kept
TTCTGTAAGACGCTCC-1-mutant,kept
TTCTTCCCAAGTCGTT-1-mutant,kept
TTCTTCCCATATCTCT-1-mutant,kept
TTCTTCCCATTAAAGG-1-mutant,kept
TTCTTCCTCTTTCTAG-1-mutant,kept
TTCTTGAAGTAAACTG-1-mutant,kept
TTCTTGAAGTCGAATA-1-mutant,kept
TTGAACGAGTGCAGCA-1-mutant,kept
TTGACCCCATTCATCT-1-mutant,kept
TTGAGTGAGTAGACAT-1-mutant,kept
TTGATGGTCTGATTCT-1-mutant,kept
TTGCATTGTATAGGGC-1-mutant,kept
TTGCCTGAGTTAGTAG-1-mutant,kept
TTGCCTGTCCTAAGTG-1-mutant,kept
TTGCCTGTCTGAATCG-1-mutant,kept
TTGCTGCGTGGAATGC-1-mutant,kept
TTGGATGAGCCGTTAT-1-mutant,kept
TTGGATGCAACTCGAT-1-mutant,kept
TTGGATGCAAGGAGTC-1-mutant,kept
TTGGATGCAATGCAGG-1-mutant,kept
TTGGTTTGTACCGTCG-1-mutant,kept
TTGGTTTGTGTGATGG-1-mutant,kept
TTGTGGACATCGAGCC-1-mutant,kept
TTGTGGAGTTGCATGT-1-mutant,kept
TTGTGGATCAGTGTGT-1-mutant,kept
TTGTGTTAGTTGGACG-1-mutant,kept
TTGTGTTGTTCCCAAA-1-mutant,kept
TTGTGTTTCATTATCC-1-mutant,kept
TTGTTCAAGCAGAAAG-1-mutant,kept
TTGTTCACACTCCTTG-1-mutant,kept
TTGTTCACATGGTGGA-1-mutant,kept
TTGTTCAGTCCCTGAG-1-mutant,kept
TTGTTCATCTAGGCCG-1-mutant,kept
TTTACCAAGGACTAAT-1-mutant,kept
TTTACCATCATCCCGT-1-mutant,kept
TTTACTGGTTAGGCTT-1-mutant,kept
TTTACTGGTTCGGCCA-1-mutant,kept
TTTAGTCAGCGTCTGC-1-mutant,kept
TTTAGTCTCGAGCTGC-1-mutant,kept
TTTAGTCTCGCGTAGC-1-mutant,kept
TTTATGCTCTGAGCAT-1-mutant,kept
TTTCAGTAGTAACCTC-1-mutant,kept
TTTCAGTAGTATTAGG-1-mutant,kept
TTTCATGTCCTGGGAC-1-mutant,kept
TTTCCTCGTACGGATG-1-mutant,kept
TTTCGATGTGCCGTTG-1-mutant,kept
TTTCGATTCCCGAATA-1-mutant,kept
TTTCGATTCGTTGCCT-1-mutant,kept
TTTGACTGTCGTAATC-1-mutant,kept
TTTGATCAGTCGCGAA-1-mutant,kept
TTTGATCGTAGGTCAG-1-mutant,kept
TTTGATCTCGCACGAC-1-mutant,kept
TTTGGAGAGACATCCT-1-mutant,kept
TTTGGAGAGCCTATCA-1-mutant,kept
TTTGGAGCACGTTGGC-1-mutant,kept
TTTGGAGGTGCAATGG-1-mutant,kept
TTTGGTTAGACCTCAT-1-mutant,kept
TTTGGTTTCATCCTGC-1-mutant,kept
TTTGGTTTCGTGCAGC-1-mutant,kept
